{"low_leg": {"name": "low", "crossSection": [5, 0.25], "legHeight": 40, "youngModulus": 189000.0, "poissonRatio": 0.27, "density": 7.93e-06, "pulleyRadius": 50, "motorDistanceToCenter": 70, "controlPoint": [[[-30.0, -45.0], 0.1, 90.0], [[-30.0, -30.0], 78.16989938572944, 90.0, 0.1, 270.0], [[35.57964349906341, 22.18686827640065], 51.108775008311795, -48.132958960413816, 59.330671324202626, 131.86704103958618], [[71.0, 25.0], 1.0, 90.0, 30.885244032141333, 270.0], [[71.0, 40.0], 0.1, 90.0]], "nBeams": 20}, "high_leg": {"name": "high", "crossSection": [5, 0.25], "legHeight": 100, "youngModulus": 189000.0, "poissonRatio": 0.27, "density": 7.93e-06, "pulleyRadius": 50, "motorDistanceToCenter": 70, "controlPoint": [[[-30.0, -45.0], 0.1, 90.0], [[-30.0, -30.0], 14.276009997436216, 90.0, 0.1, 270.0], [[34.85048552475244, 1.3070225252763659], 99.65945917466068, -79.32206702358428, 83.47830225969577, 100.67793297641572], [[71.0, 85.0], 0.1, 90.0, 12.077847177171895, 270.0], [[71.0, 100.0], 0.1, 90.0]], "nBeams": 20}, "center_part": {"name": "connector", "density": 1.22e-06, "youngModulus": 35000.0, "poissonRatio": 0.45, "hCrossSection": [5, 0.25], "hDepth": 15, "hThickness": 2.5, "hDiameter": 40, "lCrossSection": [5, 0.25], "lDepth": 15, "lThickness": 2.5, "lDiameter": 40, "height": 60}}