{"sLeg": [[[-10.0, -30.0], 26.253957656015928, 90.0], [[43.04348649904361, 67.57725257618945], 73.30839465508652, -73.65944918847742], [[111.69800000000001, 75.0], 12.88192947504368, 90.0]], "lLeg": [[[-10.0, -30.0], 28.358966144165304, 90.0], [[108.88661203422069, 18.265058052053796], 11.822700380205807, -63.821481779562426], [[111.821, 115.0], 49.659500673704606, 90.0]]}