{"sLeg": [[[-10.0, -30.0], 41.23510892669226, 90.0], [[40.875894898246955, 18.21492298155995], 22.21861241136174, -70.38483722341593], [[65.0, 45.0], 38.47913239408864, 90.0]], "lLeg": [[[-10.0, -30.0], 66.64121727041562, 90.0], [[36.27551301355385, 14.401790582929554], 57.06151910560745, -23.023283683922934], [[65.0, 45.0], 26.800244364595496, 90.0]]}