{"low_leg": {"name": "low", "crossSection": [10, 0.5], "legHeight": 120, "youngModulus": 189000.0, "poissonRatio": 0.27, "density": 7.93e-06, "pulleyRadius": 60, "motorDistanceToCenter": 50, "controlPoint": [[[-60.0, -10.0], 0.1, 90.0], [[-60.0, 0.0], 81.53249960908384, 90.0, 0.1, 270.0], [[-27.438857333495648, 108.53882315148736], 13.265698847061566, -66.08352413876358, 80.03253188705555, 113.91647586123644], [[30.0, 95.0], 1.0, 90.0, 29.213798466180933, 270.0], [[30.0, 110.0], 0.1, 90.0]], "nBeams": 30}, "high_leg": {"name": "high", "crossSection": [10, 0.5], "legHeight": 180, "youngModulus": 189000.0, "poissonRatio": 0.27, "density": 7.93e-06, "pulleyRadius": 60, "motorDistanceToCenter": 50, "controlPoint": [[[-60.0, -10.0], 0.1, 90.0], [[-60.0, 0.0], 28.379155888701455, 90.0, 0.1, 270.0], [[9.487962537208162, 207.52300696057634], 26.691028097193815, -73.69262555171531, 30.286549046029524, 106.3073744482847], [[30.0, 155.0], 0.1, 90.0, 69.04089497496409, 270.0], [[30.0, 170.0], 0.1, 90.0]], "nBeams": 30}, "center_part": {"name": "connector", "density": 1.22e-06, "youngModulus": 35000.0, "poissonRatio": 0.45, "hCrossSection": [10, 0.5], "hDepth": 15, "hThickness": 2.5, "hDiameter": 40, "lCrossSection": [10, 0.5], "lDepth": 15, "lThickness": 2.5, "lDiameter": 40, "height": 60}}