{"low_leg": {"name": "sLeg", "crossSection": [10, 0.5], "legHeight": 30, "youngModulus": 189000.0, "poissonRatio": 0.27, "density": 7.93e-06, "pulleyRadius": 40, "motorDistanceToCenter": 50, "controlPoint": [[[-20.0, -45.0], 0.1, 90.0], [[-20.0, -30.0], 41.540370726265216, 90.0, 0.1, 270.0], [[12.946777300275912, 13.477293054741224], 48.854246800714186, -42.89643595769018], [[71.0, 15.0], 1.0, 90.0, 59.69881122813874, 270.0], [[71.0, 30.0], 0.1, 90.0]], "nBeams": 30}, "high_leg": {"name": "lLeg", "crossSection": [10, 0.5], "legHeight": 90, "youngModulus": 189000.0, "poissonRatio": 0.27, "density": 7.93e-06, "pulleyRadius": 40, "motorDistanceToCenter": 50, "controlPoint": [[[-20.0, -45.0], 0.1, 90.0], [[-20.0, -30.0], 49.171486660972896, 90.0, 0.1, 270.0], [[-12.07661543855168, 41.24906688264794], 34.37628135211095, -50.25931089676404], [[71.0, 75.0], 1.0, 90.0, 40.446176316574466, 270.0], [[71.0, 90.0], 0.1, 90.0]], "nBeams": 30}, "center_part": {"name": "connector", "density": 1.22e-06, "youngModulus": 35000.0, "poissonRatio": 0.45, "hCrossSection": [10, 0.5], "hDepth": 15, "hThickness": 2.5, "hDiameter": 40, "lCrossSection": [10, 0.5], "lDepth": 15, "lThickness": 2.5, "lDiameter": 40, "height": 60}}