{"sLeg": [[[0.0, 0.0], 86.78115746777644, 90.0], [[33.29080348418966, 11.250445900533968], 36.59971424448862, -58.62824627158244], [[75.0, 75.0], 39.4936491028961, 90.0]], "lLeg": [[[0.0, 0.0], 63.231144440602144, 90.0], [[31.16296351595562, 11.3439699097425], 31.161568822595246, -35.61107493076469], [[75.0, 75.0], 54.92884262666614, 90.0]]}