{"low_leg": {"name": "low", "crossSection": [10, 0.5], "legHeight": 100, "youngModulus": 189000.0, "poissonRatio": 0.27, "density": 7.93e-06, "pulleyRadius": 40, "motorDistanceToCenter": 70, "controlPoint": [[[-40.0, -15.0], 0.1, 90.0], [[-40.0, 0.0], 47.351437152388094, 90.0, 0.1, 270.0], [[31.827968456505218, 10.127364893118333], 1.791368139455527, -33.15885392519309, 97.71307406258737, 146.84114607480691], [[50.0, 70.0], 1.0, 90.0, 88.70508721463618, 270.0], [[50.0, 85.0], 0.1, 90.0]], "nBeams": 20}, "high_leg": {"name": "high", "crossSection": [10, 0.5], "legHeight": 160, "youngModulus": 189000.0, "poissonRatio": 0.27, "density": 7.93e-06, "pulleyRadius": 40, "motorDistanceToCenter": 70, "controlPoint": [[[-40.0, -15.0], 0.1, 90.0], [[-40.0, 0.0], 23.880222997978922, 90.0, 0.1, 270.0], [[-36.329833271054, 109.03746563524481], 23.581692916218717, -30.405205307780353, 70.6073440035455, 149.59479469221964], [[50.0, 130.0], 0.1, 90.0, 71.93070112934116, 270.0], [[50.0, 145.0], 0.1, 90.0]], "nBeams": 20}, "center_part": {"name": "connector", "density": 1.22e-06, "youngModulus": 35000.0, "poissonRatio": 0.45, "hCrossSection": [10, 0.5], "hDepth": 15, "hThickness": 2.5, "hDiameter": 40, "lCrossSection": [10, 0.5], "lDepth": 15, "lThickness": 2.5, "lDiameter": 40, "height": 60}}