{"sLeg": [[[0.0, 0.0], 49.47610191846518, 90.0, 99.11959694958271, 270.0], [[44.33605723106453, 15.021297455492311], 23.493909449239105, -29.414374831979195, 33.06282761813064, 150.58562516802078], [[75.0, 75.0], 19.98582326129711, 90.0, 20.40596661608712, 270.0]], "lLeg": [[[0.0, 0.0], 96.75227047180489, 90.0, 23.992141069844624, 270.0], [[39.81355477583659, 27.102673192920406], 44.87814246480724, -31.7628439235982, 76.5560604586208, 148.2371560764018], [[75.0, 75.0], 77.70025851824653, 90.0, 35.00405718290208, 270.0]]}