{"low_leg": {"name": "low", "crossSection": [5, 0.5], "legHeight": 80, "youngModulus": 189000.0, "poissonRatio": 0.27, "density": 7.93e-06, "pulleyRadius": 60, "motorDistanceToCenter": 50, "controlPoint": [[[-60.0, -10.0], 0.1, 90.0], [[-60.0, 0.0], 29.419332959164695, 90.0, 0.1, 270.0], [[-35.189336346725, 54.7346414842694], 26.36533720716103, -46.53205344595067, 55.233987978947596, 133.46794655404932], [[30.0, 55.0], 1.0, 90.0, 54.27596888302065, 270.0], [[30.0, 70.0], 0.1, 90.0]], "nBeams": 30}, "high_leg": {"name": "high", "crossSection": [5, 0.5], "legHeight": 140, "youngModulus": 189000.0, "poissonRatio": 0.27, "density": 7.93e-06, "pulleyRadius": 60, "motorDistanceToCenter": 50, "controlPoint": [[[-60.0, -10.0], 0.1, 90.0], [[-60.0, 0.0], 32.339182752155914, 90.0, 0.1, 270.0], [[17.694450892331403, 93.55492874447245], 15.759193526424877, -48.641052252899904, 55.99344005232834, 131.3589477471001], [[30.0, 115.0], 0.1, 90.0, 65.21811309940577, 270.0], [[30.0, 130.0], 0.1, 90.0]], "nBeams": 30}, "center_part": {"name": "connector", "density": 1.22e-06, "youngModulus": 35000.0, "poissonRatio": 0.45, "hCrossSection": [5, 0.5], "hDepth": 15, "hThickness": 2.5, "hDiameter": 40, "lCrossSection": [5, 0.5], "lDepth": 15, "lThickness": 2.5, "lDiameter": 40, "height": 60}}