{"sLegPt.rL0": 21.385324928404668, "sLegPt.rL1": 49.068246809534436, "sLegPt.x1": 21.58155175060454, "sLegPt.y1": 8.208524964901471, "sLegPt.rA1": -47.60526714145369, "sLegPt.rL2": 68.41218759597504, "lLegPt.rL0": 83.92829377723943, "lLegPt.rL1": 29.754561872572154, "lLegPt.x1": -9.723023534147519, "lLegPt.y1": -15.607470014486008, "lLegPt.rA1": -78.74129740218989, "lLegPt.rL2": 47.15550587511066, "sLeg.crossSection": [10, 0.5], "sLeg.legHeight": 30, "sLeg.youngModulus": 189000.0, "sLeg.poissonRatio": 0.27, "sLeg.density": 7.93e-06, "sLeg.pulleyRadius": 40, "sLeg.motorDistanceToCenter": 50, "lLeg.crossSection": [10, 0.5], "lLeg.legHeight": 70, "lLeg.youngModulus": 189000.0, "lLeg.poissonRatio": 0.27, "lLeg.density": 7.93e-06, "lLeg.pulleyRadius": 40, "lLeg.motorDistanceToCenter": 50}