{"low_leg": {"name": "low", "crossSection": [5, 0.5], "legHeight": 40, "youngModulus": 189000.0, "poissonRatio": 0.27, "density": 7.93e-06, "pulleyRadius": 30, "motorDistanceToCenter": 70, "controlPoint": [[[-10.0, -45.0], 0.1, 90.0], [[-10.0, -30.0], 62.995729635256374, 90.0, 0.1, 270.0], [[24.085634407798963, 15.47071897071901], 62.38367797747224, -25.85774197901543], [[81.0, 25.0], 1.0, 90.0, 85.18517470395645, 270.0], [[81.0, 40.0], 0.1, 90.0]], "nBeams": 20}, "high_leg": {"name": "high", "crossSection": [5, 0.5], "legHeight": 100, "youngModulus": 189000.0, "poissonRatio": 0.27, "density": 7.93e-06, "pulleyRadius": 30, "motorDistanceToCenter": 70, "controlPoint": [[[-10.0, -45.0], 0.1, 90.0], [[-10.0, -30.0], 46.35164477117647, 90.0, 0.1, 270.0], [[66.91277382447387, 67.60345457313427], 19.599250380073233, -34.92602422457346], [[81.0, 85.0], 1.0, 90.0, 47.70449019202504, 270.0], [[81.0, 100.0], 0.1, 90.0]], "nBeams": 20}, "center_part": {"name": "connector", "density": 1.22e-06, "youngModulus": 35000.0, "poissonRatio": 0.45, "hCrossSection": [5, 0.5], "hDepth": 15, "hThickness": 2.5, "hDiameter": 40, "lCrossSection": [5, 0.5], "lDepth": 15, "lThickness": 2.5, "lDiameter": 40, "height": 60}}