{"low_leg": {"name": "low", "crossSection": [10, 0.5], "legHeight": 120, "youngModulus": 189000.0, "poissonRatio": 0.27, "density": 7.93e-06, "pulleyRadius": 60, "motorDistanceToCenter": 50, "controlPoint": [[[-60.0, -10.0], 0.1, 90.0], [[-60.0, 0.0], 37.09238026978928, 90.0, 0.1, 270.0], [[-17.055996832728624, 17.018492052686224], 56.089184389114926, -53.84391529036938, 56.52373539815662, 126.15608470963062], [[30.0, 95.0], 1.0, 90.0, 82.3597093809334, 270.0], [[30.0, 110.0], 0.1, 90.0]], "nBeams": 30}, "high_leg": {"name": "high", "crossSection": [10, 0.5], "legHeight": 180, "youngModulus": 189000.0, "poissonRatio": 0.27, "density": 7.93e-06, "pulleyRadius": 60, "motorDistanceToCenter": 50, "controlPoint": [[[-60.0, -10.0], 0.1, 90.0], [[-60.0, 0.0], 84.84062924547516, 90.0, 0.1, 270.0], [[-9.067593138418673, 108.45740706353638], 32.13979966873919, -23.35277519450306, 37.45543452748276, 156.64722480549696], [[30.0, 155.0], 0.1, 90.0, 76.76414533272323, 270.0], [[30.0, 170.0], 0.1, 90.0]], "nBeams": 30}, "center_part": {"name": "connector", "density": 1.22e-06, "youngModulus": 35000.0, "poissonRatio": 0.45, "hCrossSection": [10, 0.5], "hDepth": 15, "hThickness": 2.5, "hDiameter": 40, "lCrossSection": [10, 0.5], "lDepth": 15, "lThickness": 2.5, "lDiameter": 40, "height": 60}}