{"low_leg": {"name": "low", "crossSection": [10, 0.5], "legHeight": 80, "youngModulus": 189000.0, "poissonRatio": 0.27, "density": 7.93e-06, "pulleyRadius": 60, "motorDistanceToCenter": 50, "controlPoint": [[[-60.0, -10.0], 0.1, 90.0], [[-60.0, 0.0], 51.97288749734139, 90.0, 0.1, 270.0], [[-16.472934008050238, 17.00086838899276], 17.964446043967026, -51.7635670262814, 25.182909102907022, 128.2364329737186], [[30.0, 55.0], 1.0, 90.0, 21.462639549910783, 270.0], [[30.0, 70.0], 0.1, 90.0]], "nBeams": 30}, "high_leg": {"name": "high", "crossSection": [10, 0.5], "legHeight": 140, "youngModulus": 189000.0, "poissonRatio": 0.27, "density": 7.93e-06, "pulleyRadius": 60, "motorDistanceToCenter": 50, "controlPoint": [[[-60.0, -10.0], 0.1, 90.0], [[-60.0, 0.0], 35.81438460013157, 90.0, 0.1, 270.0], [[-10.141888359386655, 84.00063146627936], 24.615668794140877, -28.47516247078245, 24.645893268958137, 151.52483752921754], [[30.0, 115.0], 0.1, 90.0, 57.05555102337947, 270.0], [[30.0, 130.0], 0.1, 90.0]], "nBeams": 30}, "center_part": {"name": "connector", "density": 1.22e-06, "youngModulus": 35000.0, "poissonRatio": 0.45, "hCrossSection": [10, 0.5], "hDepth": 15, "hThickness": 2.5, "hDiameter": 40, "lCrossSection": [10, 0.5], "lDepth": 15, "lThickness": 2.5, "lDiameter": 40, "height": 60}}