{"sLegPt.rL0": 31.471283995089298, "sLegPt.rL1": 78.17610983291397, "sLegPt.x1": 14.722819791750524, "sLegPt.y1": 28.24729505073877, "sLegPt.rA1": -47.261186136293865, "sLegPt.rL2": 92.26793492933743, "lLegPt.rL0": 11.848311147016428, "lLegPt.rL1": 62.41847386193071, "lLegPt.x1": 33.08743659410346, "lLegPt.y1": 50.83184157759935, "lLegPt.rA1": -42.33093172151711, "lLegPt.rL2": 53.31034568923136, "sLeg.crossSection": [10, 0.5], "sLeg.legHeight": 30, "sLeg.youngModulus": 189000.0, "sLeg.poissonRatio": 0.27, "sLeg.density": 7.93e-06, "sLeg.pulleyRadius": 40, "sLeg.motorDistanceToCenter": 50, "lLeg.crossSection": [10, 0.5], "lLeg.legHeight": 70, "lLeg.youngModulus": 189000.0, "lLeg.poissonRatio": 0.27, "lLeg.density": 7.93e-06, "lLeg.pulleyRadius": 40, "lLeg.motorDistanceToCenter": 50}