{"low_leg": {"name": "low", "crossSection": [10, 0.5], "legHeight": 40, "youngModulus": 189000.0, "poissonRatio": 0.27, "density": 7.93e-06, "pulleyRadius": 50, "motorDistanceToCenter": 70, "controlPoint": [[[-30.0, -45.0], 0.1, 90.0], [[-30.0, -30.0], 31.501462857955147, 90.0, 0.1, 270.0], [[26.649982124461953, 42.80100904639159], 44.926562008051064, -55.47161440447057], [[101.0, 25.0], 1.0, 90.0, 82.48469592066922, 270.0], [[101.0, 40.0], 0.1, 90.0]], "nBeams": 20}, "high_leg": {"name": "high", "crossSection": [10, 0.5], "legHeight": 100, "youngModulus": 189000.0, "poissonRatio": 0.27, "density": 7.93e-06, "pulleyRadius": 50, "motorDistanceToCenter": 70, "controlPoint": [[[-30.0, -45.0], 0.1, 90.0], [[-30.0, -30.0], 62.76849650886181, 90.0, 0.1, 270.0], [[19.227434911151192, 29.249416688509516], 46.86453893563337, -35.06755840075578], [[101.0, 85.0], 1.0, 90.0, 30.833561198846507, 270.0], [[101.0, 100.0], 0.1, 90.0]], "nBeams": 20}, "center_part": {"name": "connector", "density": 1.22e-06, "youngModulus": 35000.0, "poissonRatio": 0.45, "hCrossSection": [10, 0.5], "hDepth": 15, "hThickness": 2.5, "hDiameter": 40, "lCrossSection": [10, 0.5], "lDepth": 15, "lThickness": 2.5, "lDiameter": 40, "height": 60}}