{"low_leg": {"name": "low", "crossSection": [10, 0.5], "legHeight": 100, "youngModulus": 189000.0, "poissonRatio": 0.27, "density": 7.93e-06, "pulleyRadius": 40, "motorDistanceToCenter": 120, "controlPoint": [[[-40.0, -15.0], 0.1, 90.0], [[-40.0, 0.0], 78.15596261441681, 90.0, 0.1, 270.0], [[19.27205176992979, 4.431655010744272], 58.167992386445256, -37.888342427468494, 61.78783014027726, 142.1116575725315], [[100.0, 70.0], 1.0, 90.0, 65.91823286408582, 270.0], [[100.0, 85.0], 0.1, 90.0]], "nBeams": 20}, "high_leg": {"name": "high", "crossSection": [10, 0.5], "legHeight": 160, "youngModulus": 189000.0, "poissonRatio": 0.27, "density": 7.93e-06, "pulleyRadius": 40, "motorDistanceToCenter": 120, "controlPoint": [[[-40.0, -15.0], 0.1, 90.0], [[-40.0, 0.0], 54.33145460869227, 90.0, 0.1, 270.0], [[62.53963341005043, 90.0240578467154], 27.06434963121631, -43.85157334025366, 33.10381073952777, 136.14842665974635], [[100.0, 130.0], 0.1, 90.0, 44.56559908763892, 270.0], [[100.0, 145.0], 0.1, 90.0]], "nBeams": 20}, "center_part": {"name": "connector", "density": 1.22e-06, "youngModulus": 35000.0, "poissonRatio": 0.45, "hCrossSection": [10, 0.5], "hDepth": 15, "hThickness": 2.5, "hDiameter": 40, "lCrossSection": [10, 0.5], "lDepth": 15, "lThickness": 2.5, "lDiameter": 40, "height": 60}}