{"sLeg": [[[-10.0, -30.0], 47.055392023068165, 90.0, 49.846256842891925, 270.0], [[41.472180156416044, 22.453990037512266], 30.00082330466641, -36.08751388846174, 16.897770910850117, 143.91248611153824], [[71.0, 45.0], 10.669606796071815, 90.0, 10.990479007482879, 270.0]], "lLeg": [[[-10.0, -30.0], 50.50409736759097, 90.0, 15.710124251337607, 270.0], [[49.5662324148059, 29.7642876216402], 29.656807540321406, -72.29619101373459, 65.13850505513963, 107.70380898626541], [[71.0, 45.0], 73.91473744124625, 90.0, 93.1214665040025, 270.0]]}