{"sLeg": [[[-10.0, -30.0], 99.75759902641325, 90.0], [[36.660464101228705, 20.62745702015688], 34.97868584132594, -63.94537256169162], [[65.0, 45.0], 75.63892024148772, 90.0]], "lLeg": [[[-10.0, -30.0], 58.70206810113496, 90.0], [[34.93911569609939, 19.539356417393993], 35.153123237393274, -51.94926031912833], [[65.0, 45.0], 11.57775950019023, 90.0]]}