{"low_leg": {"name": "low", "crossSection": [5, 0.25], "legHeight": 40, "youngModulus": 189000.0, "poissonRatio": 0.27, "density": 7.93e-06, "pulleyRadius": 50, "motorDistanceToCenter": 70, "controlPoint": [[[-30.0, -45.0], 0.1, 90.0], [[-30.0, -30.0], 83.16195135864818, 90.0, 0.1, 270.0], [[37.32015220452242, 25.858647424411636], 48.25991620246523, -47.09141040229911, 58.01825855483527, 132.90858959770088], [[71.0, 25.0], 1.0, 90.0, 29.22884311548274, 270.0], [[71.0, 40.0], 0.1, 90.0]], "nBeams": 20}, "high_leg": {"name": "high", "crossSection": [5, 0.25], "legHeight": 100, "youngModulus": 189000.0, "poissonRatio": 0.27, "density": 7.93e-06, "pulleyRadius": 50, "motorDistanceToCenter": 70, "controlPoint": [[[-30.0, -45.0], 0.1, 90.0], [[-30.0, -30.0], 17.398378003215, 90.0, 0.1, 270.0], [[34.72267815645344, 1.7391099636609682], 93.16918505077189, -78.75925708923276, 80.1736289449178, 101.24074291076725], [[71.0, 85.0], 0.1, 90.0, 17.258536309184635, 270.0], [[71.0, 100.0], 0.1, 90.0]], "nBeams": 20}, "center_part": {"name": "connector", "density": 1.22e-06, "youngModulus": 35000.0, "poissonRatio": 0.45, "hCrossSection": [5, 0.25], "hDepth": 15, "hThickness": 2.5, "hDiameter": 40, "lCrossSection": [5, 0.25], "lDepth": 15, "lThickness": 2.5, "lDiameter": 40, "height": 60}}