{"low_leg": {"name": "low", "crossSection": [5, 0.5], "legHeight": 40, "youngModulus": 189000.0, "poissonRatio": 0.27, "density": 7.93e-06, "pulleyRadius": 40, "motorDistanceToCenter": 50, "controlPoint": [[[-20.0, -45.0], 0.1, 90.0], [[-20.0, -30.0], 68.46090760362685, 90.0, 0.1, 270.0], [[14.662044707196559, 37.383378244879346], 62.01764530307337, -65.51973744786906], [[71.0, 25.0], 1.0, 90.0, 27.179330020341258, 270.0], [[71.0, 40.0], 0.1, 90.0]], "nBeams": 20}, "high_leg": {"name": "high", "crossSection": [5, 0.5], "legHeight": 100, "youngModulus": 189000.0, "poissonRatio": 0.27, "density": 7.93e-06, "pulleyRadius": 40, "motorDistanceToCenter": 50, "controlPoint": [[[-20.0, -45.0], 0.1, 90.0], [[-20.0, -30.0], 96.2603795569006, 90.0, 0.1, 270.0], [[57.001544040622996, 4.39707177691926], 60.11010429839142, -37.580956590985416], [[71.0, 85.0], 1.0, 90.0, 81.52970650206683, 270.0], [[71.0, 100.0], 0.1, 90.0]], "nBeams": 20}, "center_part": {"name": "connector", "density": 1.22e-06, "youngModulus": 35000.0, "poissonRatio": 0.45, "hCrossSection": [5, 0.5], "hDepth": 15, "hThickness": 2.5, "hDiameter": 40, "lCrossSection": [5, 0.5], "lDepth": 15, "lThickness": 2.5, "lDiameter": 40, "height": 60}}