{"sLegPt.rL0": 70.96748338520237, "sLegPt.lL0": 97.69816292508969, "sLegPt.rL1": 29.843434504277056, "sLegPt.lL1": 93.18094383470948, "sLegPt.x1": 41.17336662952159, "sLegPt.y1": 21.425862084828875, "sLegPt.rA1": -25.530853763990343, "sLegPt.rL2": 61.2584676191474, "sLegPt.lL2": 45.01971966157038, "lLegPt.rL0": 88.0712416843622, "lLegPt.lL0": 59.121415622348024, "lLegPt.rL1": 36.197602919251004, "lLegPt.lL1": 32.17148706838152, "lLegPt.x1": 49.6762167127744, "lLegPt.y1": 29.40535145731292, "lLegPt.rA1": -76.08527908836179, "lLegPt.rL2": 20.67578771538625, "lLegPt.lL2": 92.17561248219248}