{"low_leg": {"name": "sLeg", "crossSection": [10, 2.5], "legHeight": 30, "youngModulus": 189000.0, "poissonRatio": 0.27, "density": 7.93e-06, "pulleyRadius": 40, "motorDistanceToCenter": 50, "controlPoint": [[[-20.0, -45.0], 0.1, 90.0], [[-20.0, -30.0], 24.173573467305715, 90.0, 0.1, 270.0], [[10.65603152636917, 11.352029067106109], 98.54174825887738, -21.954040572305193], [[71.0, 15.0], 1.0, 90.0, 15.72836890099131, 270.0], [[71.0, 30.0], 0.1, 90.0]], "nBeams": 30}, "high_leg": {"name": "lLeg", "crossSection": [10, 2.5], "legHeight": 50, "youngModulus": 189000.0, "poissonRatio": 0.27, "density": 7.93e-06, "pulleyRadius": 40, "motorDistanceToCenter": 50, "controlPoint": [[[-20.0, -45.0], 0.1, 90.0], [[-20.0, -30.0], 63.49065630392869, 90.0, 0.1, 270.0], [[35.678253442650735, 47.132765568176396], 28.206582036484765, -59.781600132574745], [[71.0, 35.0], 1.0, 90.0, 76.99955394921145, 270.0], [[71.0, 50.0], 0.1, 90.0]], "nBeams": 30}, "center_part": {"name": "connector", "density": 1.22e-06, "youngModulus": 35000.0, "poissonRatio": 0.45, "hCrossSection": [10, 2.5], "hDepth": 15, "hThickness": 2.5, "hDiameter": 40, "lCrossSection": [10, 2.5], "lDepth": 15, "lThickness": 2.5, "lDiameter": 40, "height": 20}}