{"sLegPt.rL0": 78.02031793155732, "sLegPt.lL0": 64.80039421364124, "sLegPt.rL1": 40.65645250055344, "sLegPt.lL1": 65.73355079405938, "sLegPt.x1": 41.84602214485099, "sLegPt.y1": 24.08174279955979, "sLegPt.rA1": -46.21403574417851, "sLegPt.rL2": 44.41935616349992, "sLegPt.lL2": 54.689995788903, "lLegPt.rL0": 93.40638262046753, "lLegPt.lL0": 21.95949119988716, "lLegPt.rL1": 95.02519911730244, "lLegPt.lL1": 85.3897989273039, "lLegPt.x1": 41.75161257196041, "lLegPt.y1": 11.614948491222613, "lLegPt.rA1": -71.86528169715281, "lLegPt.rL2": 82.41842496864732, "lLegPt.lL2": 88.53751729705833}