{"sLeg": [[[-10.0, -30.0], 10.058040643290063, 90.0], [[64.86481260405323, 6.962224973946904], 69.05276176044052, -55.35281301767864], [[111.69800000000001, 75.0], 71.86921407473238, 90.0]], "lLeg": [[[-10.0, -30.0], 58.08665730466639, 90.0], [[50.59142861691562, 22.916513111126147], 36.51556099740432, -64.10454777937449], [[111.821, 115.0], 11.340931776297895, 90.0]]}