{"sLeg": [[[0.0, 0.0], 41.02868481412088, 90.0], [[30.842256295512545, 12.37841840190601], 45.94948287656037, -76.99184334508155], [[75.0, 75.0], 12.564462788819366, 90.0]], "lLeg": [[[0.0, 0.0], 96.74735253495412, 90.0], [[45.03457799721028, 21.749548805972946], 18.452824933709216, -24.813015261725788], [[75.0, 75.0], 10.742106961585204, 90.0]]}