{"sLeg": [[[0.0, 0.0], 42.95069575125398, 90.0], [[32.97479281268775, 20.182394765930965], 27.416629740837212, -37.89395375748797], [[75.0, 75.0], 72.89756343133448, 90.0]], "lLeg": [[[0.0, 0.0], 62.07450806610901, 90.0], [[37.437035660774775, 10.495356618907918], 76.71691134841781, -46.87170719598886], [[75.0, 75.0], 78.59544920550134, 90.0]]}