{"sLegPt.rL0": 61.19466851253063, "sLegPt.lL0": 28.69966356224758, "sLegPt.rL1": 70.08857034836944, "sLegPt.lL1": 27.777059940036388, "sLegPt.x1": 49.29138651892022, "sLegPt.y1": 25.878385627288385, "sLegPt.rA1": -78.28434259649656, "sLegPt.rL2": 81.3285598936438, "sLegPt.lL2": 74.45197856661004, "lLegPt.rL0": 88.3560725910052, "lLegPt.lL0": 99.69871602384744, "lLegPt.rL1": 51.7311743899131, "lLegPt.lL1": 20.89959268145716, "lLegPt.x1": 45.457206646940165, "lLegPt.y1": 15.280778264738773, "lLegPt.rA1": -35.65260437474953, "lLegPt.rL2": 77.63455313477449, "lLegPt.lL2": 11.739945942433156}