{"low_leg": {"name": "sLeg", "crossSection": [10, 0.5], "legHeight": 30, "youngModulus": 189000.0, "poissonRatio": 0.27, "density": 7.93e-06, "pulleyRadius": 40, "motorDistanceToCenter": 50, "controlPoint": [[[-20.0, -45.0], 0.1, 90.0], [[-20.0, -30.0], 27.033045193934612, 90.0, 0.1, 270.0], [[-19.048288942842586, 15.78657466168194], 50.00261827554719, -41.28577780107037], [[71.0, 15.0], 1.0, 90.0, 41.48840181689411, 270.0], [[71.0, 30.0], 0.1, 90.0]], "nBeams": 30}, "high_leg": {"name": "lLeg", "crossSection": [10, 0.5], "legHeight": 90, "youngModulus": 189000.0, "poissonRatio": 0.27, "density": 7.93e-06, "pulleyRadius": 40, "motorDistanceToCenter": 50, "controlPoint": [[[-20.0, -45.0], 0.1, 90.0], [[-20.0, -30.0], 65.61322227316697, 90.0, 0.1, 270.0], [[52.76740461129769, 38.46403563026743], 51.10331475658354, -40.904081551653945], [[71.0, 75.0], 1.0, 90.0, 55.4375197207476, 270.0], [[71.0, 90.0], 0.1, 90.0]], "nBeams": 30}, "center_part": {"name": "connector", "density": 1.22e-06, "youngModulus": 35000.0, "poissonRatio": 0.45, "hCrossSection": [10, 0.5], "hDepth": 15, "hThickness": 2.5, "hDiameter": 40, "lCrossSection": [10, 0.5], "lDepth": 15, "lThickness": 2.5, "lDiameter": 40, "height": 60}}