{"low_leg": {"name": "low", "crossSection": [5, 0.5], "legHeight": 40, "youngModulus": 189000.0, "poissonRatio": 0.27, "density": 7.93e-06, "pulleyRadius": 30, "motorDistanceToCenter": 50, "controlPoint": [[[-10.0, -45.0], 0.1, 90.0], [[-10.0, -30.0], 46.611089957479955, 90.0, 0.1, 270.0], [[37.05561419675255, 23.317464229387667], 17.80783848953194, -79.74401491681189], [[61.0, 25.0], 1.0, 90.0, 66.20286451284692, 270.0], [[61.0, 40.0], 0.1, 90.0]], "nBeams": 20}, "high_leg": {"name": "high", "crossSection": [5, 0.5], "legHeight": 100, "youngModulus": 189000.0, "poissonRatio": 0.27, "density": 7.93e-06, "pulleyRadius": 30, "motorDistanceToCenter": 50, "controlPoint": [[[-10.0, -45.0], 0.1, 90.0], [[-10.0, -30.0], 51.04548649422484, 90.0, 0.1, 270.0], [[40.63750254579423, 33.27439811808976], 14.939793208295743, -50.29744155805541], [[61.0, 85.0], 1.0, 90.0, 29.995529982729785, 270.0], [[61.0, 100.0], 0.1, 90.0]], "nBeams": 20}, "center_part": {"name": "connector", "density": 1.22e-06, "youngModulus": 35000.0, "poissonRatio": 0.45, "hCrossSection": [5, 0.5], "hDepth": 15, "hThickness": 2.5, "hDiameter": 40, "lCrossSection": [5, 0.5], "lDepth": 15, "lThickness": 2.5, "lDiameter": 40, "height": 60}}