{"low_leg": {"name": "low", "crossSection": [10, 0.5], "legHeight": 100, "youngModulus": 189000.0, "poissonRatio": 0.27, "density": 7.93e-06, "pulleyRadius": 40, "motorDistanceToCenter": 120, "controlPoint": [[[-40.0, -15.0], 0.1, 90.0], [[-40.0, 0.0], 50.69428108847146, 90.0, 0.1, 270.0], [[45.663261153001066, 22.334920782385502], 41.60525012521888, -32.046138029268626, 18.63891628074264, 147.95386197073137], [[100.0, 70.0], 1.0, 90.0, 27.15469397641032, 270.0], [[100.0, 85.0], 0.1, 90.0]], "nBeams": 20}, "high_leg": {"name": "high", "crossSection": [10, 0.5], "legHeight": 160, "youngModulus": 189000.0, "poissonRatio": 0.27, "density": 7.93e-06, "pulleyRadius": 40, "motorDistanceToCenter": 120, "controlPoint": [[[-40.0, -15.0], 0.1, 90.0], [[-40.0, 0.0], 64.79390827597018, 90.0, 0.1, 270.0], [[51.573912911091085, 73.3561763284034], 39.20518518723385, -46.42716869154871, 53.261194382768174, 133.5728313084513], [[100.0, 130.0], 0.1, 90.0, 32.446321826551895, 270.0], [[100.0, 145.0], 0.1, 90.0]], "nBeams": 20}, "center_part": {"name": "connector", "density": 1.22e-06, "youngModulus": 35000.0, "poissonRatio": 0.45, "hCrossSection": [10, 0.5], "hDepth": 15, "hThickness": 2.5, "hDiameter": 40, "lCrossSection": [10, 0.5], "lDepth": 15, "lThickness": 2.5, "lDiameter": 40, "height": 60}}