{"sLeg": [[[0.0, 0.0], 27.257679064492873, 90.0, 39.81035677467783, 270.0], [[31.649149989365597, 22.468175676176926], 33.98726436607361, -23.220551725945814, 31.681962952105255, 156.77944827405418], [[75.0, 75.0], 91.19517445773207, 90.0, 25.276021578535165, 270.0]], "lLeg": [[[0.0, 0.0], 99.87096205701303, 90.0, 12.664704202491397, 270.0], [[46.23589139350029, 18.557943256391454], 78.91013684754022, -51.64122115461575, 58.32977652884744, 128.35877884538425], [[75.0, 75.0], 66.77852823082816, 90.0, 27.68326318417542, 270.0]]}