{"sLeg": [[[-10.0, -30.0], 11.234910389299227, 90.0], [[-11.692509728579331, 39.914599836847266], 52.095325392203875, -38.38682261923573], [[61.698, 20.0], 28.992119403813845, 90.0]], "lLeg": [[[-10.0, -30.0], 96.30979271365723, 90.0], [[25.54243554837995, 9.694342706979945], 41.30773079456411, -70.04917443265911], [[61.821, 60.0], 10.938067456762946, 90.0]]}