{"sLeg": [[[0.0, 0.0], 99.10872256402834, 90.0], [[38.12037687428308, 14.417746705906062], 92.37571623989129, -38.77813301359484], [[75.0, 75.0], 89.07059219863811, 90.0]], "lLeg": [[[0.0, 0.0], 75.42109164786292, 90.0], [[42.47337962913114, 28.489150322117624], 34.766478708164975, -34.17517134218], [[75.0, 75.0], 78.55042011857807, 90.0]]}