{"sLeg": [[[0.0, 0.0], 46.526579139987746, 90.0], [[45.94668073377626, 11.361794269574464], 23.05943216200805, -72.92420718735508], [[75.0, 75.0], 58.86761701694517, 90.0]], "lLeg": [[[0.0, 0.0], 84.30940505537043, 90.0], [[37.667561394584325, 23.32847486827325], 49.65901534513486, -34.4207983373345], [[75.0, 75.0], 22.592742726281088, 90.0]]}