{"sLeg": [[[0.0, 0.0], 11.388914835388514, 90.0], [[33.28696448066199, 23.12848858638165], 69.93753458388404, -57.677134434184964], [[75.0, 75.0], 16.502627988871183, 90.0]], "lLeg": [[[0.0, 0.0], 66.11633314800427, 90.0], [[31.664100861271734, 14.25465456954032], 18.087693384528226, -59.913281864029436], [[75.0, 75.0], 41.32319728991441, 90.0]]}