{"low_leg": {"name": "low", "crossSection": [5, 0.5], "legHeight": 40, "youngModulus": 189000.0, "poissonRatio": 0.27, "density": 7.93e-06, "pulleyRadius": 30, "motorDistanceToCenter": 50, "controlPoint": [[[-10.0, -45.0], 0.1, 90.0], [[-10.0, -30.0], 73.51229543186035, 90.0, 0.1, 270.0], [[9.268935978080622, 52.97495450727718], 53.792748830239255, -53.383697457902855], [[61.0, 25.0], 1.0, 90.0, 63.9776597074768, 270.0], [[61.0, 40.0], 0.1, 90.0]], "nBeams": 20}, "high_leg": {"name": "high", "crossSection": [5, 0.5], "legHeight": 100, "youngModulus": 189000.0, "poissonRatio": 0.27, "density": 7.93e-06, "pulleyRadius": 30, "motorDistanceToCenter": 50, "controlPoint": [[[-10.0, -45.0], 0.1, 90.0], [[-10.0, -30.0], 76.98987875198881, 90.0, 0.1, 270.0], [[22.810889822977597, 28.932065557374948], 33.35380581590756, -49.688709866728665], [[61.0, 85.0], 1.0, 90.0, 59.328320313671156, 270.0], [[61.0, 100.0], 0.1, 90.0]], "nBeams": 20}, "center_part": {"name": "connector", "density": 1.22e-06, "youngModulus": 35000.0, "poissonRatio": 0.45, "hCrossSection": [5, 0.5], "hDepth": 15, "hThickness": 2.5, "hDiameter": 40, "lCrossSection": [5, 0.5], "lDepth": 15, "lThickness": 2.5, "lDiameter": 40, "height": 60}}