{"low_leg": {"name": "low", "crossSection": [5, 0.5], "legHeight": 40, "youngModulus": 189000.0, "poissonRatio": 0.27, "density": 7.93e-06, "pulleyRadius": 30, "motorDistanceToCenter": 70, "controlPoint": [[[-10.0, -45.0], 0.1, 90.0], [[-10.0, -30.0], 74.44236447611331, 90.0, 0.1, 270.0], [[33.551909204690794, 17.399463379200668], 61.25784523382325, -76.08306247008602], [[81.0, 25.0], 1.0, 90.0, 44.534646058057845, 270.0], [[81.0, 40.0], 0.1, 90.0]], "nBeams": 20}, "high_leg": {"name": "high", "crossSection": [5, 0.5], "legHeight": 100, "youngModulus": 189000.0, "poissonRatio": 0.27, "density": 7.93e-06, "pulleyRadius": 30, "motorDistanceToCenter": 70, "controlPoint": [[[-10.0, -45.0], 0.1, 90.0], [[-10.0, -30.0], 49.99489820360603, 90.0, 0.1, 270.0], [[50.647772326423606, 71.88378767701548], 38.95343857721183, -27.21279644259417], [[81.0, 85.0], 1.0, 90.0, 46.57719021093931, 270.0], [[81.0, 100.0], 0.1, 90.0]], "nBeams": 20}, "center_part": {"name": "connector", "density": 1.22e-06, "youngModulus": 35000.0, "poissonRatio": 0.45, "hCrossSection": [5, 0.5], "hDepth": 15, "hThickness": 2.5, "hDiameter": 40, "lCrossSection": [5, 0.5], "lDepth": 15, "lThickness": 2.5, "lDiameter": 40, "height": 60}}