{"sLeg": [[[0.0, 0.0], 29.47135848329478, 90.0], [[44.09948759333728, 14.888898170594782], 15.07019093937822, -29.579640375224365], [[75.0, 75.0], 57.29732256975655, 90.0]], "lLeg": [[[0.0, 0.0], 95.10807165430082, 90.0], [[36.89914582501948, 12.635424033305142], 17.546434932055128, -76.8749212123315], [[75.0, 75.0], 33.44372999935326, 90.0]]}