{"low_leg": {"name": "sLeg", "crossSection": [10, 0.5], "legHeight": 30, "youngModulus": 189000.0, "poissonRatio": 0.27, "density": 7.93e-06, "pulleyRadius": 40, "motorDistanceToCenter": 50, "controlPoint": [[[-20.0, -45.0], 0.1, 90.0], [[-20.0, -30.0], 52.264593939283834, 90.0, 0.1, 270.0], [[3.257712782565129, 25.73248659229737], 40.12661718510489, -45.978684687358516], [[71.0, 15.0], 1.0, 90.0, 74.69686166143646, 270.0], [[71.0, 30.0], 0.1, 90.0]], "nBeams": 30}, "high_leg": {"name": "lLeg", "crossSection": [10, 0.5], "legHeight": 70, "youngModulus": 189000.0, "poissonRatio": 0.27, "density": 7.93e-06, "pulleyRadius": 60, "motorDistanceToCenter": 50, "controlPoint": [[[-40.0, -45.0], 0.1, 90.0], [[-40.0, -30.0], 62.3736325180223, 90.0, 0.1, 270.0], [[7.259823222422057, 9.445754805197964], 53.92393777432821, -71.98541093390622], [[91.0, 55.0], 1.0, 90.0, 53.54948764938724, 270.0], [[91.0, 70.0], 0.1, 90.0]], "nBeams": 30}, "center_part": {"name": "connector", "density": 1.22e-06, "youngModulus": 35000.0, "poissonRatio": 0.45, "hCrossSection": [10, 0.5], "hDepth": 15, "hThickness": 2.5, "hDiameter": 40, "lCrossSection": [10, 0.5], "lDepth": 15, "lThickness": 2.5, "lDiameter": 40, "height": 40}}