{"low_leg": {"name": "sLeg", "crossSection": [5, 0.25], "legHeight": 40, "youngModulus": 189000.0, "poissonRatio": 0.27, "density": 7.93e-06, "pulleyRadius": 40, "motorDistanceToCenter": 50, "controlPoint": [[[-20.0, -45.0], 0.1, 90.0], [[-20.0, -30.0], 72.68967225825165, 90.0, 0.1, 270.0], [[9.405643500643487, 11.417790649200276], 51.80921139427177, -74.16157626121378], [[71.0, 25.0], 1.0, 90.0, 46.1900181273999, 270.0], [[71.0, 40.0], 0.1, 90.0]], "nBeams": 20}, "high_leg": {"name": "lLeg", "crossSection": [5, 0.25], "legHeight": 100, "youngModulus": 189000.0, "poissonRatio": 0.27, "density": 7.93e-06, "pulleyRadius": 40, "motorDistanceToCenter": 50, "controlPoint": [[[-20.0, -45.0], 0.1, 90.0], [[-20.0, -30.0], 45.98098893770486, 90.0, 0.1, 270.0], [[5.512136853874481, 37.20045589435381], 78.73143529368865, -47.973574670640396], [[71.0, 85.0], 1.0, 90.0, 35.18107545777175, 270.0], [[71.0, 100.0], 0.1, 90.0]], "nBeams": 20}, "center_part": {"name": "connector", "density": 1.22e-06, "youngModulus": 35000.0, "poissonRatio": 0.45, "hCrossSection": [5, 0.25], "hDepth": 15, "hThickness": 2.5, "hDiameter": 40, "lCrossSection": [5, 0.25], "lDepth": 15, "lThickness": 2.5, "lDiameter": 40, "height": 60}}