{"sLeg": [[[-10.0, -30.0], 46.665677658551644, 90.0], [[35.55362629725575, 27.48824608913027], 94.02273499851674, -56.77551487205827], [[65.0, 45.0], 13.813867056852185, 90.0]], "lLeg": [[[-10.0, -30.0], 25.688673356674585, 90.0], [[38.94385458150332, 15.463520724648669], 60.50187257787176, -30.825512487715297], [[65.0, 45.0], 16.259814899559856, 90.0]]}