{"sLeg": [[[0.0, 0.0], 63.24480094938366, 90.0], [[48.19418969412501, 24.28580081016682], 56.15495669258696, -35.37860421928968], [[75.0, 75.0], 57.50924531757185, 90.0]], "lLeg": [[[0.0, 0.0], 84.93172104748855, 90.0], [[39.17966639699708, 24.70233572181735], 53.288582907368856, -48.18832043732654], [[75.0, 75.0], 22.054283763116356, 90.0]]}