{"sLeg": [[[-10.0, -30.0], 67.41145122233135, 90.0], [[99.82089033377758, 70.78559711843964], 17.230894145738763, -74.63835700755662], [[111.69800000000001, 75.0], 28.07455891504094, 90.0]], "lLeg": [[[-10.0, -30.0], 86.18386483590669, 90.0], [[37.44212655434397, 75.66919006389396], 19.096899663400023, -77.55547177609296], [[111.821, 115.0], 23.54028450800734, 90.0]]}