{"sLeg": [[[-20.0, -30.0], 93.73005384872559, 90.0], [[17.134414818141074, 67.74541970516874], 36.97919708223352, -57.22111401902692], [[71.69800000000001, 30.0], 92.6250252924476, 90.0]], "lLeg": [[[-20.0, -30.0], 64.90644240037972, 90.0], [[3.807218504930354, 45.10656616896323], 32.32411283775714, -57.58353512709483], [[71.821, 70.0], 76.31821256311721, 90.0]]}