{"low_leg": {"name": "low", "crossSection": [5, 0.5], "legHeight": 40, "youngModulus": 189000.0, "poissonRatio": 0.27, "density": 7.93e-06, "pulleyRadius": 40, "motorDistanceToCenter": 70, "controlPoint": [[[-20.0, -45.0], 0.1, 90.0], [[-20.0, -30.0], 55.258270591003374, 90.0, 0.1, 270.0], [[22.640878885087627, 38.11524242118152], 36.81469332862795, -37.782079992597744], [[91.0, 25.0], 1.0, 90.0, 68.03359613552237, 270.0], [[91.0, 40.0], 0.1, 90.0]], "nBeams": 20}, "high_leg": {"name": "high", "crossSection": [5, 0.5], "legHeight": 100, "youngModulus": 189000.0, "poissonRatio": 0.27, "density": 7.93e-06, "pulleyRadius": 40, "motorDistanceToCenter": 70, "controlPoint": [[[-20.0, -45.0], 0.1, 90.0], [[-20.0, -30.0], 60.408059237336914, 90.0, 0.1, 270.0], [[28.87880105005945, 46.14900614434938], 54.650162371659135, -41.769543697257554], [[91.0, 85.0], 1.0, 90.0, 65.32057489324862, 270.0], [[91.0, 100.0], 0.1, 90.0]], "nBeams": 20}, "center_part": {"name": "connector", "density": 1.22e-06, "youngModulus": 35000.0, "poissonRatio": 0.45, "hCrossSection": [5, 0.5], "hDepth": 15, "hThickness": 2.5, "hDiameter": 40, "lCrossSection": [5, 0.5], "lDepth": 15, "lThickness": 2.5, "lDiameter": 40, "height": 60}}