{"low_leg": {"name": "sLeg", "crossSection": [10, 2.5], "legHeight": 30, "youngModulus": 189000.0, "poissonRatio": 0.27, "density": 7.93e-06, "pulleyRadius": 40, "motorDistanceToCenter": 50, "controlPoint": [[[-20.0, -45.0], 0.1, 90.0], [[-20.0, -30.0], 68.85889513232752, 90.0, 0.1, 270.0], [[-2.368830154194157, 26.162478601217032], 43.26465739201238, -56.03934511863639], [[71.0, 15.0], 1.0, 90.0, 47.12298656945493, 270.0], [[71.0, 30.0], 0.1, 90.0]], "nBeams": 10}, "high_leg": {"name": "lLeg", "crossSection": [10, 2.5], "legHeight": 90, "youngModulus": 189000.0, "poissonRatio": 0.27, "density": 7.93e-06, "pulleyRadius": 40, "motorDistanceToCenter": 50, "controlPoint": [[[-20.0, -45.0], 0.1, 90.0], [[-20.0, -30.0], 69.15479186461957, 90.0, 0.1, 270.0], [[47.138007378662564, 38.85941181661127], 61.26685637242071, -49.851423582357185], [[71.0, 75.0], 1.0, 90.0, 29.596277899934606, 270.0], [[71.0, 90.0], 0.1, 90.0]], "nBeams": 10}, "center_part": {"name": "connector", "density": 1.22e-06, "youngModulus": 35000.0, "poissonRatio": 0.45, "hCrossSection": [10, 2.5], "hDepth": 15, "hThickness": 2.5, "hDiameter": 40, "lCrossSection": [10, 2.5], "lDepth": 15, "lThickness": 2.5, "lDiameter": 40, "height": 60}}