{"sLeg": [[[-10.0, -30.0], 21.366155255484678, 90.0], [[-18.803562179307654, 108.27314368722712], 43.85835823478214, -41.56454639697436], [[111.69800000000001, 40.0], 19.187445460589288, 90.0]], "lLeg": [[[-10.0, -30.0], 32.25682567497161, 90.0], [[10.269165477493686, 60.08995765583873], 22.009661141325022, -43.69413226057385], [[111.821, 80.0], 38.33329183685065, 90.0]]}