{"low_leg": {"name": "low", "crossSection": [5, 0.5], "legHeight": 40, "youngModulus": 189000.0, "poissonRatio": 0.27, "density": 7.93e-06, "pulleyRadius": 30, "motorDistanceToCenter": 50, "controlPoint": [[[-10.0, -45.0], 0.1, 90.0], [[-10.0, -30.0], 43.528885864267124, 90.0, 0.1, 270.0], [[21.679444878094703, 33.4076486452272], 19.32075237921434, -66.67553597915266], [[61.0, 25.0], 1.0, 90.0, 45.43554288718154, 270.0], [[61.0, 40.0], 0.1, 90.0]], "nBeams": 20}, "high_leg": {"name": "high", "crossSection": [5, 0.5], "legHeight": 100, "youngModulus": 189000.0, "poissonRatio": 0.27, "density": 7.93e-06, "pulleyRadius": 30, "motorDistanceToCenter": 50, "controlPoint": [[[-10.0, -45.0], 0.1, 90.0], [[-10.0, -30.0], 39.96210918799339, 90.0, 0.1, 270.0], [[3.3657591447135413, 59.972909129169466], 33.21137629034128, -66.62770559940398], [[61.0, 85.0], 1.0, 90.0, 53.927691515152226, 270.0], [[61.0, 100.0], 0.1, 90.0]], "nBeams": 20}, "center_part": {"name": "connector", "density": 1.22e-06, "youngModulus": 35000.0, "poissonRatio": 0.45, "hCrossSection": [5, 0.5], "hDepth": 15, "hThickness": 2.5, "hDiameter": 40, "lCrossSection": [5, 0.5], "lDepth": 15, "lThickness": 2.5, "lDiameter": 40, "height": 60}}