{"low_leg": {"name": "low", "crossSection": [10, 0.5], "legHeight": 80, "youngModulus": 189000.0, "poissonRatio": 0.27, "density": 7.93e-06, "pulleyRadius": 60, "motorDistanceToCenter": 50, "controlPoint": [[[-60.0, -10.0], 0.1, 90.0], [[-60.0, 0.0], 58.353797235598854, 90.0, 0.1, 270.0], [[-40.235302602197045, 54.83932514424288], 40.41820413249556, -36.96371684488252, 38.203149534835056, 143.03628315511747], [[30.0, 55.0], 1.0, 90.0, 36.8227928000788, 270.0], [[30.0, 70.0], 0.1, 90.0]], "nBeams": 30}, "high_leg": {"name": "high", "crossSection": [10, 0.5], "legHeight": 140, "youngModulus": 189000.0, "poissonRatio": 0.27, "density": 7.93e-06, "pulleyRadius": 60, "motorDistanceToCenter": 50, "controlPoint": [[[-60.0, -10.0], 0.1, 90.0], [[-60.0, 0.0], 50.10925318110593, 90.0, 0.1, 270.0], [[-21.291639244905063, 96.04834760682492], 60.76595588493139, -26.892569584944717, 17.28362759191557, 153.10743041505526], [[30.0, 115.0], 0.1, 90.0, 27.25612726184704, 270.0], [[30.0, 130.0], 0.1, 90.0]], "nBeams": 30}, "center_part": {"name": "connector", "density": 1.22e-06, "youngModulus": 35000.0, "poissonRatio": 0.45, "hCrossSection": [10, 0.5], "hDepth": 15, "hThickness": 2.5, "hDiameter": 40, "lCrossSection": [10, 0.5], "lDepth": 15, "lThickness": 2.5, "lDiameter": 40, "height": 60}}