{"low_leg": {"name": "low", "crossSection": [10, 1], "legHeight": 40, "youngModulus": 189000.0, "poissonRatio": 0.27, "density": 7.93e-06, "pulleyRadius": 50, "motorDistanceToCenter": 70, "controlPoint": [[[-30.0, -45.0], 0.1, 90.0], [[-30.0, -30.0], 33.539894628020406, 90.0, 0.1, 270.0], [[8.906214653670913, 0.2712871480295892], 61.38354428686538, -34.64745988984595], [[101.0, 25.0], 1.0, 90.0, 70.46963190813929, 270.0], [[101.0, 40.0], 0.1, 90.0]], "nBeams": 20}, "high_leg": {"name": "high", "crossSection": [10, 1], "legHeight": 100, "youngModulus": 189000.0, "poissonRatio": 0.27, "density": 7.93e-06, "pulleyRadius": 50, "motorDistanceToCenter": 70, "controlPoint": [[[-30.0, -45.0], 0.1, 90.0], [[-30.0, -30.0], 38.247272538730385, 90.0, 0.1, 270.0], [[16.64439153005105, 8.414243315512863], 14.519210885665348, -74.50634776691915], [[101.0, 85.0], 1.0, 90.0, 88.44975797992174, 270.0], [[101.0, 100.0], 0.1, 90.0]], "nBeams": 20}, "center_part": {"name": "connector", "density": 1.22e-06, "youngModulus": 35000.0, "poissonRatio": 0.45, "hCrossSection": [10, 1], "hDepth": 15, "hThickness": 2.5, "hDiameter": 40, "lCrossSection": [10, 1], "lDepth": 15, "lThickness": 2.5, "lDiameter": 40, "height": 60}}