{"low_leg": {"name": "sLeg", "crossSection": [10, 2.5], "legHeight": 30, "youngModulus": 189000.0, "poissonRatio": 0.27, "density": 7.93e-06, "pulleyRadius": 40, "motorDistanceToCenter": 50, "controlPoint": [[[-20.0, -45.0], 0.1, 90.0], [[-20.0, -30.0], 68.85291821100378, 90.0, 0.1, 270.0], [[11.598466843335501, 61.53691901622638], 53.70646226273812, -58.889592027551174], [[71.0, 15.0], 1.0, 90.0, 51.51887230747526, 270.0], [[71.0, 30.0], 0.1, 90.0]], "nBeams": 10}, "high_leg": {"name": "lLeg", "crossSection": [10, 2.5], "legHeight": 90, "youngModulus": 189000.0, "poissonRatio": 0.27, "density": 7.93e-06, "pulleyRadius": 40, "motorDistanceToCenter": 50, "controlPoint": [[[-20.0, -45.0], 0.1, 90.0], [[-20.0, -30.0], 55.98984886693921, 90.0, 0.1, 270.0], [[9.755071573123274, 6.472452552829573], 12.557291983888831, -57.62652071462018], [[71.0, 75.0], 1.0, 90.0, 69.98695533453717, 270.0], [[71.0, 90.0], 0.1, 90.0]], "nBeams": 10}, "center_part": {"name": "connector", "density": 1.22e-06, "youngModulus": 35000.0, "poissonRatio": 0.45, "hCrossSection": [10, 2.5], "hDepth": 15, "hThickness": 2.5, "hDiameter": 40, "lCrossSection": [10, 2.5], "lDepth": 15, "lThickness": 2.5, "lDiameter": 40, "height": 60}}