{"low_leg": {"name": "low", "crossSection": [10, 0.5], "legHeight": 120, "youngModulus": 189000.0, "poissonRatio": 0.27, "density": 7.93e-06, "pulleyRadius": 60, "motorDistanceToCenter": 50, "controlPoint": [[[-60.0, -10.0], 0.1, 90.0], [[-60.0, 0.0], 69.33030019824761, 90.0, 0.1, 270.0], [[-36.784486057173005, 37.35501137349496], 39.94194602297352, -76.34273749769861, 96.49855939992162, 103.65726250230139], [[30.0, 95.0], 1.0, 90.0, 48.38806389124615, 270.0], [[30.0, 110.0], 0.1, 90.0]], "nBeams": 30}, "high_leg": {"name": "high", "crossSection": [10, 0.5], "legHeight": 180, "youngModulus": 189000.0, "poissonRatio": 0.27, "density": 7.93e-06, "pulleyRadius": 60, "motorDistanceToCenter": 50, "controlPoint": [[[-60.0, -10.0], 0.1, 90.0], [[-60.0, 0.0], 9.473223213779574, 90.0, 0.1, 270.0], [[2.5158844256973794, 119.34402710372191], 55.21194523008312, -54.457828625435894, 12.126277136354163, 125.54217137456409], [[30.0, 155.0], 0.1, 90.0, 32.86788904810072, 270.0], [[30.0, 170.0], 0.1, 90.0]], "nBeams": 30}, "center_part": {"name": "connector", "density": 1.22e-06, "youngModulus": 35000.0, "poissonRatio": 0.45, "hCrossSection": [10, 0.5], "hDepth": 15, "hThickness": 2.5, "hDiameter": 40, "lCrossSection": [10, 0.5], "lDepth": 15, "lThickness": 2.5, "lDiameter": 40, "height": 60}}