{"low_leg": {"name": "low", "crossSection": [5, 0.5], "legHeight": 40, "youngModulus": 189000.0, "poissonRatio": 0.27, "density": 7.93e-06, "pulleyRadius": 30, "motorDistanceToCenter": 50, "controlPoint": [[[-10.0, -45.0], 0.1, 90.0], [[-10.0, -30.0], 54.63069437685754, 90.0, 0.1, 270.0], [[29.22150592065247, 36.96042962552135], 59.777852438963464, -56.1637843735555], [[61.0, 25.0], 1.0, 90.0, 52.7942070873711, 270.0], [[61.0, 40.0], 0.1, 90.0]], "nBeams": 20}, "high_leg": {"name": "high", "crossSection": [5, 0.5], "legHeight": 100, "youngModulus": 189000.0, "poissonRatio": 0.27, "density": 7.93e-06, "pulleyRadius": 30, "motorDistanceToCenter": 50, "controlPoint": [[[-10.0, -45.0], 0.1, 90.0], [[-10.0, -30.0], 18.35325679357265, 90.0, 0.1, 270.0], [[41.04223867432184, 27.070460906561593], 27.675763541218608, -47.67890236872242], [[61.0, 85.0], 1.0, 90.0, 30.481242685400478, 270.0], [[61.0, 100.0], 0.1, 90.0]], "nBeams": 20}, "center_part": {"name": "connector", "density": 1.22e-06, "youngModulus": 35000.0, "poissonRatio": 0.45, "hCrossSection": [5, 0.5], "hDepth": 15, "hThickness": 2.5, "hDiameter": 40, "lCrossSection": [5, 0.5], "lDepth": 15, "lThickness": 2.5, "lDiameter": 40, "height": 60}}