{"low_leg": {"name": "low", "crossSection": [5, 0.25], "legHeight": 40, "youngModulus": 189000.0, "poissonRatio": 0.27, "density": 7.93e-06, "pulleyRadius": 50, "motorDistanceToCenter": 70, "controlPoint": [[[-30.0, -45.0], 0.1, 90.0], [[-30.0, -30.0], 78.7117373149823, 90.0, 0.1, 270.0], [[34.987617969617624, 21.435158600872043], 50.896074913493116, -50.054182898921354, 61.098643596488486, 129.94581710107866], [[71.0, 25.0], 1.0, 90.0, 31.531760200782447, 270.0], [[71.0, 40.0], 0.1, 90.0]], "nBeams": 20}, "high_leg": {"name": "high", "crossSection": [5, 0.25], "legHeight": 100, "youngModulus": 189000.0, "poissonRatio": 0.27, "density": 7.93e-06, "pulleyRadius": 50, "motorDistanceToCenter": 70, "controlPoint": [[[-30.0, -45.0], 0.1, 90.0], [[-30.0, -30.0], 13.781200511493461, 90.0, 0.1, 270.0], [[34.44077524298254, 0.44183639840127803], 98.99209984886389, -78.62847674060403, 83.075226923799, 101.37152325939596], [[71.0, 85.0], 0.1, 90.0, 10.36488558363647, 270.0], [[71.0, 100.0], 0.1, 90.0]], "nBeams": 20}, "center_part": {"name": "connector", "density": 1.22e-06, "youngModulus": 35000.0, "poissonRatio": 0.45, "hCrossSection": [5, 0.25], "hDepth": 15, "hThickness": 2.5, "hDiameter": 40, "lCrossSection": [5, 0.25], "lDepth": 15, "lThickness": 2.5, "lDiameter": 40, "height": 60}}