{"sLeg": [[[0.0, 0.0], 53.698633042797546, 90.0], [[38.879296893552294, 13.026980753767116], 20.136966536356827, -75.31223675818217], [[75.0, 75.0], 24.19127828606831, 90.0]], "lLeg": [[[0.0, 0.0], 95.89977216522392, 90.0], [[30.964940644759096, 12.268809594347228], 72.5888791929723, -36.01029549843671], [[75.0, 75.0], 85.60065573237786, 90.0]]}