{"sLeg": [[[-10.0, -30.0], 35.63538894536655, 90.0], [[-3.585454373487053, 7.124937877191186], 24.983617399592216, -57.37359330447832], [[111.69800000000001, 75.0], 74.73618281802531, 90.0]], "lLeg": [[[-10.0, -30.0], 65.18011051877293, 90.0], [[52.94032854485265, 56.77628952825142], 89.23782140017053, -74.35381193164223], [[111.821, 115.0], 32.49474198646001, 90.0]]}