{"sLegPt.rL0": 48.758819768106704, "sLegPt.rL1": 47.75259235795767, "sLegPt.x1": 20.74805062969581, "sLegPt.y1": -20.0, "sLegPt.rA1": -33.841402680173545, "sLegPt.rL2": 92.52556058576307, "lLegPt.rL0": 29.041457671414978, "lLegPt.rL1": 11.52103759985423, "lLegPt.x1": 42.69137083966252, "lLegPt.y1": 45.07654455957558, "lLegPt.rA1": -57.2557239999626, "lLegPt.rL2": 48.47230597507759, "sLeg.crossSection": [10, 0.5], "sLeg.legHeight": 30, "sLeg.youngModulus": 189000.0, "sLeg.poissonRatio": 0.27, "sLeg.density": 7.93e-06, "sLeg.pulleyRadius": 40, "sLeg.motorDistanceToCenter": 50, "lLeg.crossSection": [10, 0.5], "lLeg.legHeight": 70, "lLeg.youngModulus": 189000.0, "lLeg.poissonRatio": 0.27, "lLeg.density": 7.93e-06, "lLeg.pulleyRadius": 40, "lLeg.motorDistanceToCenter": 50}