{"low_leg": {"name": "sLeg", "crossSection": [10, 2.5], "legHeight": 30, "youngModulus": 189000.0, "poissonRatio": 0.27, "density": 7.93e-06, "pulleyRadius": 40, "motorDistanceToCenter": 50, "controlPoint": [[[-20.0, -45.0], 0.1, 90.0], [[-20.0, -30.0], 37.35267978571963, 90.0, 0.1, 270.0], [[11.022494146334246, 45.60347514265342], 41.72370695519201, -58.473645840743735], [[71.0, 15.0], 1.0, 90.0, 67.4286596004209, 270.0], [[71.0, 30.0], 0.1, 90.0]], "nBeams": 10}, "high_leg": {"name": "lLeg", "crossSection": [10, 2.5], "legHeight": 90, "youngModulus": 189000.0, "poissonRatio": 0.27, "density": 7.93e-06, "pulleyRadius": 40, "motorDistanceToCenter": 50, "controlPoint": [[[-20.0, -45.0], 0.1, 90.0], [[-20.0, -30.0], 52.8589501403409, 90.0, 0.1, 270.0], [[42.09029009472779, 23.14596684565106], 33.905708788788594, -42.8293911848126], [[71.0, 75.0], 1.0, 90.0, 45.47110476325546, 270.0], [[71.0, 90.0], 0.1, 90.0]], "nBeams": 10}, "center_part": {"name": "connector", "density": 1.22e-06, "youngModulus": 35000.0, "poissonRatio": 0.45, "hCrossSection": [10, 2.5], "hDepth": 15, "hThickness": 2.5, "hDiameter": 40, "lCrossSection": [10, 2.5], "lDepth": 15, "lThickness": 2.5, "lDiameter": 40, "height": 60}}