{"sLeg": [[[0.0, 0.0], 76.76723558439656, 90.0], [[35.013083545541576, 14.637406726157746], 19.999769107549355, -64.81188113589249], [[75.0, 75.0], 67.68205332453552, 90.0]], "lLeg": [[[0.0, 0.0], 12.937759643357174, 90.0], [[32.61044405034039, 23.34629936133267], 72.60456698662304, -28.490442545643184], [[75.0, 75.0], 23.121778293624104, 90.0]]}