{"sLegPt.rL0": 47.362233059929125, "sLegPt.rL1": 93.81848913682923, "sLegPt.x1": -12.939831989190075, "sLegPt.y1": 63.855375685174906, "sLegPt.rA1": -26.15388423382121, "sLegPt.rL2": 94.9462163153252, "lLegPt.rL0": 16.638572707974298, "lLegPt.rL1": 40.260231796811674, "lLegPt.x1": 32.759825357595446, "lLegPt.y1": 28.372433142340682, "lLegPt.rA1": -67.75890995459467, "lLegPt.rL2": 40.12078298999813, "sLeg.crossSection": [10, 0.5], "sLeg.legHeight": 30, "sLeg.youngModulus": 189000.0, "sLeg.poissonRatio": 0.27, "sLeg.density": 7.93e-06, "sLeg.pulleyRadius": 40, "sLeg.motorDistanceToCenter": 50, "lLeg.crossSection": [10, 0.5], "lLeg.legHeight": 70, "lLeg.youngModulus": 189000.0, "lLeg.poissonRatio": 0.27, "lLeg.density": 7.93e-06, "lLeg.pulleyRadius": 40, "lLeg.motorDistanceToCenter": 50}