{"low_leg": {"name": "low", "crossSection": [10, 0.5], "legHeight": 100, "youngModulus": 189000.0, "poissonRatio": 0.27, "density": 7.93e-06, "pulleyRadius": 40, "motorDistanceToCenter": 120, "controlPoint": [[[-40.0, -15.0], 0.1, 90.0], [[-40.0, 0.0], 30.06806985026877, 90.0, 0.1, 270.0], [[78.24986698757547, 69.91057925465402], 14.770647477636828, -59.951466473542204, 46.130603600321486, 120.04853352645779], [[100.0, 70.0], 1.0, 90.0, 49.831113774481885, 270.0], [[100.0, 85.0], 0.1, 90.0]], "nBeams": 20}, "high_leg": {"name": "high", "crossSection": [10, 0.5], "legHeight": 160, "youngModulus": 189000.0, "poissonRatio": 0.27, "density": 7.93e-06, "pulleyRadius": 40, "motorDistanceToCenter": 120, "controlPoint": [[[-40.0, -15.0], 0.1, 90.0], [[-40.0, 0.0], 59.81641943997926, 90.0, 0.1, 270.0], [[6.5070042281473945, 192.42684878296637], 6.960101697616227, -30.62331133386537, 69.26326245281842, 149.3766886661346], [[100.0, 130.0], 0.1, 90.0, 75.93665924328336, 270.0], [[100.0, 145.0], 0.1, 90.0]], "nBeams": 20}, "center_part": {"name": "connector", "density": 1.22e-06, "youngModulus": 35000.0, "poissonRatio": 0.45, "hCrossSection": [10, 0.5], "hDepth": 15, "hThickness": 2.5, "hDiameter": 40, "lCrossSection": [10, 0.5], "lDepth": 15, "lThickness": 2.5, "lDiameter": 40, "height": 60}}