{"low_leg": {"name": "sLeg", "crossSection": [5, 0.5], "legHeight": 40, "youngModulus": 189000.0, "poissonRatio": 0.27, "density": 7.93e-06, "pulleyRadius": 40, "motorDistanceToCenter": 50, "controlPoint": [[[-20.0, -45.0], 0.1, 90.0], [[-20.0, -30.0], 41.618397055824964, 90.0, 0.1, 270.0], [[31.404108614300995, 25.912093671916963], 70.82550036667014, -52.44169040707284], [[71.0, 25.0], 1.0, 90.0, 21.456058307549075, 270.0], [[71.0, 40.0], 0.1, 90.0]], "nBeams": 20}, "high_leg": {"name": "lLeg", "crossSection": [5, 0.5], "legHeight": 100, "youngModulus": 189000.0, "poissonRatio": 0.27, "density": 7.93e-06, "pulleyRadius": 40, "motorDistanceToCenter": 50, "controlPoint": [[[-20.0, -45.0], 0.1, 90.0], [[-20.0, -30.0], 59.315034807155136, 90.0, 0.1, 270.0], [[22.319468903572254, 45.07267604743629], 82.54793835624676, -57.313760636562606], [[71.0, 85.0], 1.0, 90.0, 70.87428974051245, 270.0], [[71.0, 100.0], 0.1, 90.0]], "nBeams": 20}, "center_part": {"name": "connector", "density": 1.22e-06, "youngModulus": 35000.0, "poissonRatio": 0.45, "hCrossSection": [5, 0.5], "hDepth": 15, "hThickness": 2.5, "hDiameter": 40, "lCrossSection": [5, 0.5], "lDepth": 15, "lThickness": 2.5, "lDiameter": 40, "height": 60}}