{"sLeg": [[[0.0, 0.0], 10.451581890940659, 90.0, 45.402393377297635, 270.0], [[34.85064927539456, 29.298906058975586], 19.826010185591443, -21.163270416124035, 27.216456208678938, 158.83672958387595], [[75.0, 75.0], 94.60674331489224, 90.0, 46.388055589192405, 270.0]], "lLeg": [[[0.0, 0.0], 84.24723552434651, 90.0, 98.19827133061877, 270.0], [[32.47310716243217, 14.580923491044931], 87.97062274231978, -56.36173746699785, 14.318965023330696, 123.63826253300216], [[75.0, 75.0], 28.64736371695779, 90.0, 96.36767433722714, 270.0]]}