{"sLegPt.rL0": 56.20964700008045, "sLegPt.lL0": 60.20796069691026, "sLegPt.rL1": 16.13547164551117, "sLegPt.lL1": 10.011316275906028, "sLegPt.x1": 45.74938713207686, "sLegPt.y1": 16.548490956290713, "sLegPt.rA1": -36.76542145628284, "sLegPt.rL2": 80.34082066500461, "sLegPt.lL2": 31.68408839732132, "lLegPt.rL0": 27.160298567407974, "lLegPt.lL0": 46.669751768858475, "lLegPt.rL1": 17.161940784757945, "lLegPt.lL1": 86.03473054162673, "lLegPt.x1": 36.01805199147549, "lLegPt.y1": 26.807820599503078, "lLegPt.rA1": -22.677459666307612, "lLegPt.rL2": 93.89339746876895, "lLegPt.lL2": 69.13802610521843}