{"low_leg": {"name": "sLeg", "crossSection": [10, 0.5], "legHeight": 30, "youngModulus": 189000.0, "poissonRatio": 0.27, "density": 7.93e-06, "pulleyRadius": 40, "motorDistanceToCenter": 50, "controlPoint": [[[-20.0, -45.0], 0.1, 90.0], [[-20.0, -30.0], 22.724617093222395, 90.0, 0.1, 270.0], [[-6.729472610539155, 34.9606969875847], 43.13337912966584, -56.075424416057224], [[71.0, 15.0], 1.0, 90.0, 32.856022613490126, 270.0], [[71.0, 30.0], 0.1, 90.0]], "nBeams": 30}, "high_leg": {"name": "lLeg", "crossSection": [10, 0.5], "legHeight": 70, "youngModulus": 189000.0, "poissonRatio": 0.27, "density": 7.93e-06, "pulleyRadius": 60, "motorDistanceToCenter": 50, "controlPoint": [[[-40.0, -45.0], 0.1, 90.0], [[-40.0, -30.0], 41.26325572638601, 90.0, 0.1, 270.0], [[46.2271674339199, -29.535302341239003], 78.1196958246, -28.839493004407963], [[91.0, 55.0], 1.0, 90.0, 44.1421454797681, 270.0], [[91.0, 70.0], 0.1, 90.0]], "nBeams": 30}, "center_part": {"name": "connector", "density": 1.22e-06, "youngModulus": 35000.0, "poissonRatio": 0.45, "hCrossSection": [10, 0.5], "hDepth": 15, "hThickness": 2.5, "hDiameter": 40, "lCrossSection": [10, 0.5], "lDepth": 15, "lThickness": 2.5, "lDiameter": 40, "height": 40}}