{"sLeg": [[[0, 0], 86.95373525469836, 90.0, 31.837859563544047, 270.0], [[44.35705435547406, 55.27231343510622], 58.59209039190346, -43.35508926931891, 19.463197751079605, 136.6449107306811], [[75, 75], 35.96258127451064, 90.0, 26.367688073691514, 270.0]], "lLeg": [[[0, 0], 45.27792512156343, 90.0, 99.52683476581059, 270.0], [[16.93540403984998, 60.65745555473561], 23.43492734481346, -38.604394824040696, 63.593542652424325, 141.3956051759593], [[75, 75], 57.44546226717851, 90.0, 19.485856149705608, 270.0]]}