{"sLeg": [[[0.0, 0.0], 28.5375423508948, 90.0, 65.11177175910377, 270.0], [[49.84182209369082, 27.207323637784345], 13.809241284510735, -21.58651785694739, 50.959698689184165, 158.41348214305262], [[75.0, 75.0], 24.254422222027337, 90.0, 32.809943421942855, 270.0]], "lLeg": [[[0.0, 0.0], 97.44340367922958, 90.0, 20.320031588055855, 270.0], [[42.91471280934238, 10.983145874804885], 40.94053573791611, -56.31535725517445, 31.01990876791379, 123.68464274482555], [[75.0, 75.0], 76.1349251445942, 90.0, 26.674985462214654, 270.0]]}