{"low_leg": {"name": "low", "crossSection": [5, 0.25], "legHeight": 40, "youngModulus": 189000.0, "poissonRatio": 0.27, "density": 7.93e-06, "pulleyRadius": 50, "motorDistanceToCenter": 70, "controlPoint": [[[-30.0, -45.0], 0.1, 90.0], [[-30.0, -30.0], 77.16317813325608, 90.0, 0.1, 270.0], [[33.24054731480454, 24.877640125640756], 41.59291278979038, -40.378207806739624, 51.37344451344096, 139.62179219326038], [[71.0, 25.0], 1.0, 90.0, 35.43500734566842, 270.0], [[71.0, 40.0], 0.1, 90.0]], "nBeams": 20}, "high_leg": {"name": "high", "crossSection": [5, 0.25], "legHeight": 100, "youngModulus": 189000.0, "poissonRatio": 0.27, "density": 7.93e-06, "pulleyRadius": 50, "motorDistanceToCenter": 70, "controlPoint": [[[-30.0, -45.0], 0.1, 90.0], [[-30.0, -30.0], 16.94315525049594, 90.0, 0.1, 270.0], [[30.7472071177147, 1.5170779608980323], 82.11185046330515, -73.82840752943893, 73.97510410671808, 106.17159247056107], [[71.0, 85.0], 0.1, 90.0, 24.643888984604978, 270.0], [[71.0, 100.0], 0.1, 90.0]], "nBeams": 20}, "center_part": {"name": "connector", "density": 1.22e-06, "youngModulus": 35000.0, "poissonRatio": 0.45, "hCrossSection": [5, 0.25], "hDepth": 15, "hThickness": 2.5, "hDiameter": 40, "lCrossSection": [5, 0.25], "lDepth": 15, "lThickness": 2.5, "lDiameter": 40, "height": 60}}