{"low_leg": {"name": "low", "crossSection": [10, 0.5], "legHeight": 100, "youngModulus": 189000.0, "poissonRatio": 0.27, "density": 7.93e-06, "pulleyRadius": 40, "motorDistanceToCenter": 120, "controlPoint": [[[-40.0, -15.0], 0.1, 90.0], [[-40.0, 0.0], 35.2770115634257, 90.0, 0.1, 270.0], [[32.36317953943725, 42.821788723095665], 63.29698700264787, -47.802038735687695, 45.08636187541586, 132.1979612643123], [[100.0, 70.0], 1.0, 90.0, 43.0590431998193, 270.0], [[100.0, 85.0], 0.1, 90.0]], "nBeams": 20}, "high_leg": {"name": "high", "crossSection": [10, 0.5], "legHeight": 160, "youngModulus": 189000.0, "poissonRatio": 0.27, "density": 7.93e-06, "pulleyRadius": 40, "motorDistanceToCenter": 120, "controlPoint": [[[-40.0, -15.0], 0.1, 90.0], [[-40.0, 0.0], 46.053595964947974, 90.0, 0.1, 270.0], [[4.301862734905008, 78.92596122235946], 33.4462875982188, -43.69006886059419, 62.523620322938605, 136.30993113940582], [[100.0, 130.0], 0.1, 90.0, 49.088763710924184, 270.0], [[100.0, 145.0], 0.1, 90.0]], "nBeams": 20}, "center_part": {"name": "connector", "density": 1.22e-06, "youngModulus": 35000.0, "poissonRatio": 0.45, "hCrossSection": [10, 0.5], "hDepth": 15, "hThickness": 2.5, "hDiameter": 40, "lCrossSection": [10, 0.5], "lDepth": 15, "lThickness": 2.5, "lDiameter": 40, "height": 60}}