{"sLegPt.rL0": 50.681963908227, "sLegPt.rL1": 20.697986359211203, "sLegPt.x1": 13.868522918096083, "sLegPt.y1": 32.322631872521114, "sLegPt.rA1": -71.01675548261663, "sLegPt.rL2": 15.197561299744127, "lLegPt.rL0": 29.76418771576956, "lLegPt.rL1": 10.781062538316187, "lLegPt.x1": 48.39815279298975, "lLegPt.y1": 19.70149766823787, "lLegPt.rA1": -63.68338666622833, "lLegPt.rL2": 75.26536418845247, "sLeg.crossSection": [10, 0.5], "sLeg.legHeight": 30, "sLeg.youngModulus": 189000.0, "sLeg.poissonRatio": 0.27, "sLeg.density": 7.93e-06, "sLeg.pulleyRadius": 40, "sLeg.motorDistanceToCenter": 50, "lLeg.crossSection": [10, 0.5], "lLeg.legHeight": 70, "lLeg.youngModulus": 189000.0, "lLeg.poissonRatio": 0.27, "lLeg.density": 7.93e-06, "lLeg.pulleyRadius": 40, "lLeg.motorDistanceToCenter": 50}