{
    "low_leg":{
        "name":"sLeg",
        "crossSection":[
            10,
            0.5
        ],
        "legHeight":30,
        "youngModulus":189000.0,
        "poissonRatio":0.27,
        "density":7.93e-06,
        "pulleyRadius":40,
        "motorDistanceToCenter":50,
        "controlPoint":[
            [
                [
                    -20.0,
                    -45.0
                ],
                0.1,
                90.0
            ],
            [
                [
                    -20.0,
                    -30.0
                ],
                42.0291293263862,
                90.0,
                0.1,
                270.0
            ],
            [
                [
                    3.2798153817916074,
                    17.37920889420468
                ],
                44.52913772161805,
                -45.04537578744576
            ],
            [
                [
                    71.0,
                    15.0
                ],
                1.0,
                90.0,
                56.24070652346831,
                270.0
            ],
            [
                [
                    71.0,
                    30.0
                ],
                0.1,
                90.0
            ]
        ],
        "nBeams":10
    },
    "high_leg":{
        "name":"lLeg",
        "crossSection":[
            10,
            0.5
        ],
        "legHeight":90,
        "youngModulus":189000.0,
        "poissonRatio":0.27,
        "density":7.93e-06,
        "pulleyRadius":40,
        "motorDistanceToCenter":50,
        "controlPoint":[
            [
                [
                    -20.0,
                    -45.0
                ],
                0.1,
                90.0
            ],
            [
                [
                    -20.0,
                    -30.0
                ],
                65.04089756838451,
                90.0,
                0.1,
                270.0
            ],
            [
                [
                    28.56943388970457,
                    58.20120919287304
                ],
                57.88514363788202,
                -52.772661852708595
            ],
            [
                [
                    71.0,
                    75.0
                ],
                1.0,
                90.0,
                57.22457361537697,
                270.0
            ],
            [
                [
                    71.0,
                    90.0
                ],
                0.1,
                90.0
            ]
        ],
        "nBeams":10
    },
    "center_part":{
        "name":"connector",
        "density":1.22e-06,
        "youngModulus":35000.0,
        "poissonRatio":0.45,
        "hCrossSection":[
            10,
            0.5
        ],
        "hDepth":15,
        "hThickness":2.5,
        "hDiameter":40,
        "lCrossSection":[
            10,
            0.5
        ],
        "lDepth":15,
        "lThickness":2.5,
        "lDiameter":40,
        "height":60
    }
}