{"low_leg": {"name": "low", "crossSection": [10, 0.5], "legHeight": 100, "youngModulus": 189000.0, "poissonRatio": 0.27, "density": 7.93e-06, "pulleyRadius": 40, "motorDistanceToCenter": 70, "controlPoint": [[[-40.0, -15.0], 0.1, 90.0], [[-40.0, 0.0], 67.13144730092993, 90.0, 0.1, 270.0], [[27.77988753713265, 37.37664955047322], 42.508444623069344, -62.18418193061686, 51.18064291744218, 117.81581806938314], [[50.0, 70.0], 1.0, 90.0, 39.92849304438368, 270.0], [[50.0, 85.0], 0.1, 90.0]], "nBeams": 20}, "high_leg": {"name": "high", "crossSection": [10, 0.5], "legHeight": 160, "youngModulus": 189000.0, "poissonRatio": 0.27, "density": 7.93e-06, "pulleyRadius": 40, "motorDistanceToCenter": 70, "controlPoint": [[[-40.0, -15.0], 0.1, 90.0], [[-40.0, 0.0], 73.77219082757424, 90.0, 0.1, 270.0], [[7.327221907300142, 101.64879450424893], 62.13538313958144, -47.1376940792528, 54.205402503900714, 132.8623059207472], [[50.0, 130.0], 0.1, 90.0, 57.776356381992564, 270.0], [[50.0, 145.0], 0.1, 90.0]], "nBeams": 20}, "center_part": {"name": "connector", "density": 1.22e-06, "youngModulus": 35000.0, "poissonRatio": 0.45, "hCrossSection": [10, 0.5], "hDepth": 15, "hThickness": 2.5, "hDiameter": 40, "lCrossSection": [10, 0.5], "lDepth": 15, "lThickness": 2.5, "lDiameter": 40, "height": 60}}