{"low_leg": {"name": "sLeg", "crossSection": [5, 0.25], "legHeight": 30, "youngModulus": 189000.0, "poissonRatio": 0.27, "density": 7.93e-06, "pulleyRadius": 40, "motorDistanceToCenter": 50, "controlPoint": [[[-20.0, -30.0], 20.0, 90.0, 0.1, 270.0], [[18.21811606820194, 33.80653473052878], 32.5797877698283, -43.44282510243858], [[71.0, 15.0], 0.1, 90.0, 20.0, 270.0]], "nBeams": 30}, "high_leg": {"name": "lLeg", "crossSection": [5, 0.25], "legHeight": 90, "youngModulus": 189000.0, "poissonRatio": 0.27, "density": 7.93e-06, "pulleyRadius": 40, "motorDistanceToCenter": 50, "controlPoint": [[[-20.0, -30.0], 20.0, 90.0, 0.1, 270.0], [[70.82653145638943, 22.284897485147674], 51.42353792324245, -64.01757123160631], [[71.0, 75.0], 0.1, 90.0, 20.0, 270.0]], "nBeams": 30}, "center_part": {"name": "connector", "density": 1.22e-06, "youngModulus": 35000.0, "poissonRatio": 0.45, "hCrossSection": [5, 0.25], "hDepth": 15, "hThickness": 2.5, "hDiameter": 40, "lCrossSection": [5, 0.25], "lDepth": 15, "lThickness": 2.5, "lDiameter": 40, "height": 60}}