{
    "low_leg":{
        "name":"sLeg",
        "crossSection":[
            10,
            0.5
        ],
        "legHeight":30,
        "youngModulus":189000.0,
        "poissonRatio":0.27,
        "density":7.93e-06,
        "pulleyRadius":40,
        "motorDistanceToCenter":50,
        "controlPoint":[
            [
                [
                    -20.0,
                    -45.0
                ],
                0.1,
                90.0
            ],
            [
                [
                    -20.0,
                    -30.0
                ],
                41.8264578741261,
                90.0,
                0.1,
                270.0
            ],
            [
                [
                    -24.046041928700024,
                    59.67991709227941
                ],
                45.410310950774075,
                -56.92037191872879
            ],
            [
                [
                    71.0,
                    15.0
                ],
                1.0,
                90.0,
                43.887497410021936,
                270.0
            ],
            [
                [
                    71.0,
                    30.0
                ],
                0.1,
                90.0
            ]
        ],
        "nBeams":10
    },
    "high_leg":{
        "name":"lLeg",
        "crossSection":[
            10,
            0.5
        ],
        "legHeight":90,
        "youngModulus":189000.0,
        "poissonRatio":0.27,
        "density":7.93e-06,
        "pulleyRadius":40,
        "motorDistanceToCenter":50,
        "controlPoint":[
            [
                [
                    -20.0,
                    -45.0
                ],
                0.1,
                90.0
            ],
            [
                [
                    -20.0,
                    -30.0
                ],
                49.69959640456785,
                90.0,
                0.1,
                270.0
            ],
            [
                [
                    44.12182901646477,
                    35.47436765570143
                ],
                70.25492257319719,
                -68.5224578585665
            ],
            [
                [
                    71.0,
                    75.0
                ],
                1.0,
                90.0,
                43.47044889843035,
                270.0
            ],
            [
                [
                    71.0,
                    90.0
                ],
                0.1,
                90.0
            ]
        ],
        "nBeams":10
    },
    "center_part":{
        "name":"connector",
        "density":1.22e-06,
        "youngModulus":35000.0,
        "poissonRatio":0.45,
        "hCrossSection":[
            10,
            0.5
        ],
        "hDepth":15,
        "hThickness":2.5,
        "hDiameter":40,
        "lCrossSection":[
            10,
            0.5
        ],
        "lDepth":15,
        "lThickness":2.5,
        "lDiameter":40,
        "height":60
    }
}