{"sLegPt.rL0": 65.2551449378555, "sLegPt.rL1": 27.848118628735808, "sLegPt.x1": 11.82355280558427, "sLegPt.y1": 15.79304623634878, "sLegPt.rA1": -74.02452128416157, "sLegPt.rL2": 67.33187548049267, "lLegPt.rL0": 22.640359035381657, "lLegPt.rL1": 29.825242704835905, "lLegPt.x1": -6.55775982688014, "lLegPt.y1": 70.0, "lLegPt.rA1": -61.432911587628574, "lLegPt.rL2": 99.41958265580911, "sLeg.crossSection": [10, 0.5], "sLeg.legHeight": 30, "sLeg.youngModulus": 189000.0, "sLeg.poissonRatio": 0.27, "sLeg.density": 7.93e-06, "sLeg.pulleyRadius": 40, "sLeg.motorDistanceToCenter": 50, "lLeg.crossSection": [10, 0.5], "lLeg.legHeight": 70, "lLeg.youngModulus": 189000.0, "lLeg.poissonRatio": 0.27, "lLeg.density": 7.93e-06, "lLeg.pulleyRadius": 40, "lLeg.motorDistanceToCenter": 50}