{"low_leg": {"name": "low", "crossSection": [5, 0.5], "legHeight": 40, "youngModulus": 189000.0, "poissonRatio": 0.27, "density": 7.93e-06, "pulleyRadius": 50, "motorDistanceToCenter": 50, "controlPoint": [[[-30.0, -45.0], 0.1, 90.0], [[-30.0, -30.0], 81.45411540640279, 90.0, 0.1, 270.0], [[36.452014839049355, 54.04295832033226], 66.44359364115398, -45.259772971771504], [[81.0, 25.0], 1.0, 90.0, 60.92092803532747, 270.0], [[81.0, 40.0], 0.1, 90.0]], "nBeams": 20}, "high_leg": {"name": "high", "crossSection": [5, 0.5], "legHeight": 120, "youngModulus": 189000.0, "poissonRatio": 0.27, "density": 7.93e-06, "pulleyRadius": 50, "motorDistanceToCenter": 50, "controlPoint": [[[-30.0, -45.0], 0.1, 90.0], [[-30.0, -30.0], 62.450205842544506, 90.0, 0.1, 270.0], [[22.349101896613934, 34.42555790095957], 37.42838552007261, -44.78273402485608], [[81.0, 105.0], 1.0, 90.0, 63.165820491514204, 270.0], [[81.0, 120.0], 0.1, 90.0]], "nBeams": 20}, "center_part": {"name": "connector", "density": 1.22e-06, "youngModulus": 35000.0, "poissonRatio": 0.45, "hCrossSection": [5, 0.5], "hDepth": 15, "hThickness": 2.5, "hDiameter": 40, "lCrossSection": [5, 0.5], "lDepth": 15, "lThickness": 2.5, "lDiameter": 40, "height": 80}}