{"low_leg": {"name": "low", "crossSection": [5, 0.5], "legHeight": 40, "youngModulus": 189000.0, "poissonRatio": 0.27, "density": 7.93e-06, "pulleyRadius": 30, "motorDistanceToCenter": 70, "controlPoint": [[[-10.0, -45.0], 0.1, 90.0], [[-10.0, -30.0], 64.4988867018181, 90.0, 0.1, 270.0], [[26.10155245536192, 6.371150391774206], 52.72705946474047, -77.29981627619603], [[81.0, 25.0], 1.0, 90.0, 36.5071291048644, 270.0], [[81.0, 40.0], 0.1, 90.0]], "nBeams": 20}, "high_leg": {"name": "high", "crossSection": [5, 0.5], "legHeight": 100, "youngModulus": 189000.0, "poissonRatio": 0.27, "density": 7.93e-06, "pulleyRadius": 30, "motorDistanceToCenter": 70, "controlPoint": [[[-10.0, -45.0], 0.1, 90.0], [[-10.0, -30.0], 49.210650402856274, 90.0, 0.1, 270.0], [[58.18918767258833, 71.11604046029521], 23.199357875419654, -30.274072353833184], [[81.0, 85.0], 1.0, 90.0, 49.9446247487817, 270.0], [[81.0, 100.0], 0.1, 90.0]], "nBeams": 20}, "center_part": {"name": "connector", "density": 1.22e-06, "youngModulus": 35000.0, "poissonRatio": 0.45, "hCrossSection": [5, 0.5], "hDepth": 15, "hThickness": 2.5, "hDiameter": 40, "lCrossSection": [5, 0.5], "lDepth": 15, "lThickness": 2.5, "lDiameter": 40, "height": 60}}