{"sLeg": [[[0.0, 0.0], 62.6007743047301, 90.0], [[44.49074815021025, 29.429037609844038], 41.74375675135343, -42.69836331541824], [[75.0, 75.0], 75.22105124879573, 90.0]], "lLeg": [[[0.0, 0.0], 10.767145689975083, 90.0], [[37.023986620123026, 19.358533429554278], 66.82958430972565, -78.81466892371449], [[75.0, 75.0], 36.780534627095605, 90.0]]}