{"sLegPt.rL0": 31.958711210278796, "sLegPt.lL0": 48.378747753782996, "sLegPt.rL1": 15.309806804315555, "sLegPt.lL1": 29.128896739091406, "sLegPt.x1": 46.23604860903874, "sLegPt.y1": 19.59875616222699, "sLegPt.rA1": -51.73814048396066, "sLegPt.rL2": 87.36332177293414, "sLegPt.lL2": 83.88525412607176, "lLegPt.rL0": 10.107130969417083, "lLegPt.lL0": 78.92542599337729, "lLegPt.rL1": 79.22964211535518, "lLegPt.lL1": 64.54944391914334, "lLegPt.x1": 43.12217243663752, "lLegPt.y1": 19.63562305545165, "lLegPt.rA1": -25.150631896323425, "lLegPt.rL2": 19.236479206016163, "lLegPt.lL2": 65.51791666306951}