{"sLeg": [[[-10.0, -30.0], 34.467823953477414, 90.0], [[40.97032616296574, 11.70115160665157], 35.10142588785537, -77.69604894570372], [[65.0, 45.0], 91.43418128121894, 90.0]], "lLeg": [[[-10.0, -30.0], 65.53654705010472, 90.0], [[39.55931377914749, 17.812336899469507], 45.520246759688746, -30.756260914356524], [[65.0, 45.0], 25.03096127087624, 90.0]]}