{"sLeg": [[[-10.0, -30.0], 42.06202979767186, 90.0], [[19.572662718891927, 58.57663101141124], 57.5718929969539, -59.52807414089676], [[111.69800000000001, 40.0], 71.68049438367112, 90.0]], "lLeg": [[[-10.0, -30.0], 48.35049100924491, 90.0], [[42.78812698775149, 45.83958116784255], 23.775508687484482, -65.54287157748423], [[111.821, 80.0], 64.87802779673243, 90.0]]}