{"sLeg": [[[0.0, 0.0], 83.97162486530435, 90.0, 23.7669972400679, 270.0], [[47.07816638424006, 29.82704861785524], 69.10256924146685, -25.834780301758265, 92.9886472825955, 154.1652196982417], [[75.0, 75.0], 50.308894372148515, 90.0, 23.721807493130704, 270.0]], "lLeg": [[[0.0, 0.0], 31.20091476573085, 90.0, 20.979330586003513, 270.0], [[30.287644917296443, 14.622305173202545], 33.779455203083856, -27.555152554143486, 96.02471011319902, 152.4448474458565], [[75.0, 75.0], 35.89666210080858, 90.0, 11.41611347876448, 270.0]]}