{"low_leg": {"name": "low", "crossSection": [10, 0.5], "legHeight": 100, "youngModulus": 189000.0, "poissonRatio": 0.27, "density": 7.93e-06, "pulleyRadius": 40, "motorDistanceToCenter": 70, "controlPoint": [[[-40.0, -15.0], 0.1, 90.0], [[-40.0, 0.0], 49.410318171030724, 90.0, 0.1, 270.0], [[12.972437825326, 24.426348191361313], 52.04886089606627, -58.12145133518939, 59.794456799093965, 121.87854866481058], [[50.0, 70.0], 1.0, 90.0, 70.00213993322404, 270.0], [[50.0, 85.0], 0.1, 90.0]], "nBeams": 20}, "high_leg": {"name": "high", "crossSection": [10, 0.5], "legHeight": 160, "youngModulus": 189000.0, "poissonRatio": 0.27, "density": 7.93e-06, "pulleyRadius": 40, "motorDistanceToCenter": 70, "controlPoint": [[[-40.0, -15.0], 0.1, 90.0], [[-40.0, 0.0], 61.75778099744183, 90.0, 0.1, 270.0], [[10.227021501989611, 49.79822166943501], 44.994576020173135, -27.9517072868095, 45.19122765393732, 152.0482927131905], [[50.0, 130.0], 0.1, 90.0, 27.069347618232428, 270.0], [[50.0, 145.0], 0.1, 90.0]], "nBeams": 20}, "center_part": {"name": "connector", "density": 1.22e-06, "youngModulus": 35000.0, "poissonRatio": 0.45, "hCrossSection": [10, 0.5], "hDepth": 15, "hThickness": 2.5, "hDiameter": 40, "lCrossSection": [10, 0.5], "lDepth": 15, "lThickness": 2.5, "lDiameter": 40, "height": 60}}