{"sLegPt.rL1": 38.728205405954256, "sLegPt.rL2": 64.4677582307151, "sLegPt.x2": -15.56821107784878, "sLegPt.y2": 26.140810283720207, "sLegPt.rA2": -56.76751997759249, "sLegPt.rL3": 65.44387827254586, "lLegPt.rL1": 45.86232146238098, "lLegPt.rL2": 39.24120301073242, "lLegPt.x2": 33.25216360169196, "lLegPt.y2": 3.1667693872506177, "lLegPt.rA2": -57.10781034099385, "lLegPt.rL3": 65.01019554083331, "sLeg.crossSection": [10, 0.5], "sLeg.legHeight": 30, "sLeg.youngModulus": 189000.0, "sLeg.poissonRatio": 0.27, "sLeg.density": 7.93e-06, "sLeg.pulleyRadius": 40, "sLeg.motorDistanceToCenter": 50, "lLeg.crossSection": [10, 0.5], "lLeg.legHeight": 70, "lLeg.youngModulus": 189000.0, "lLeg.poissonRatio": 0.27, "lLeg.density": 7.93e-06, "lLeg.pulleyRadius": 60, "lLeg.motorDistanceToCenter": 50}