{"low_leg": {"name": "low", "crossSection": [10, 0.5], "legHeight": 100, "youngModulus": 189000.0, "poissonRatio": 0.27, "density": 7.93e-06, "pulleyRadius": 40, "motorDistanceToCenter": 70, "controlPoint": [[[-40.0, -15.0], 0.1, 90.0], [[-40.0, 0.0], 33.59522132099432, 90.0, 0.1, 270.0], [[8.821228414329742, -2.456121486875425], 33.00948875927108, -48.23363903029891, 54.2712861144358, 131.76636096970108], [[50.0, 70.0], 1.0, 90.0, 73.449767444307, 270.0], [[50.0, 85.0], 0.1, 90.0]], "nBeams": 20}, "high_leg": {"name": "high", "crossSection": [10, 0.5], "legHeight": 160, "youngModulus": 189000.0, "poissonRatio": 0.27, "density": 7.93e-06, "pulleyRadius": 40, "motorDistanceToCenter": 70, "controlPoint": [[[-40.0, -15.0], 0.1, 90.0], [[-40.0, 0.0], 53.72858385540162, 90.0, 0.1, 270.0], [[12.923859532952441, 71.83529182374683], 49.42834672039133, -45.86673713384686, 50.19676345923625, 134.13326286615313], [[50.0, 130.0], 0.1, 90.0, 82.8075121246035, 270.0], [[50.0, 145.0], 0.1, 90.0]], "nBeams": 20}, "center_part": {"name": "connector", "density": 1.22e-06, "youngModulus": 35000.0, "poissonRatio": 0.45, "hCrossSection": [10, 0.5], "hDepth": 15, "hThickness": 2.5, "hDiameter": 40, "lCrossSection": [10, 0.5], "lDepth": 15, "lThickness": 2.5, "lDiameter": 40, "height": 60}}