{"low_leg": {"name": "low", "crossSection": [5, 0.5], "legHeight": 40, "youngModulus": 189000.0, "poissonRatio": 0.27, "density": 7.93e-06, "pulleyRadius": 30, "motorDistanceToCenter": 70, "controlPoint": [[[-10.0, -45.0], 0.1, 90.0], [[-10.0, -30.0], 68.11366000530704, 90.0, 0.1, 270.0], [[40.19699657026547, 13.941104997203725], 49.80792420029956, -71.12094001647412], [[81.0, 25.0], 1.0, 90.0, 38.22317683039593, 270.0], [[81.0, 40.0], 0.1, 90.0]], "nBeams": 20}, "high_leg": {"name": "high", "crossSection": [5, 0.5], "legHeight": 100, "youngModulus": 189000.0, "poissonRatio": 0.27, "density": 7.93e-06, "pulleyRadius": 30, "motorDistanceToCenter": 70, "controlPoint": [[[-10.0, -45.0], 0.1, 90.0], [[-10.0, -30.0], 56.83337261051844, 90.0, 0.1, 270.0], [[54.60641927550153, 62.310079526626616], 32.393361343127275, -25.197767849591283], [[81.0, 85.0], 1.0, 90.0, 42.93005583262937, 270.0], [[81.0, 100.0], 0.1, 90.0]], "nBeams": 20}, "center_part": {"name": "connector", "density": 1.22e-06, "youngModulus": 35000.0, "poissonRatio": 0.45, "hCrossSection": [5, 0.5], "hDepth": 15, "hThickness": 2.5, "hDiameter": 40, "lCrossSection": [5, 0.5], "lDepth": 15, "lThickness": 2.5, "lDiameter": 40, "height": 60}}