{"low_leg": {"name": "low", "crossSection": [10, 0.5], "legHeight": 80, "youngModulus": 189000.0, "poissonRatio": 0.27, "density": 7.93e-06, "pulleyRadius": 60, "motorDistanceToCenter": 50, "controlPoint": [[[-60.0, -10.0], 0.1, 90.0], [[-60.0, 0.0], 13.822081328458124, 90.0, 0.1, 270.0], [[2.0537233681345484, 29.729480333535648], 22.070209718404847, -52.197500129796154, 53.88370478790732, 127.80249987020386], [[30.0, 55.0], 1.0, 90.0, 15.875186198498735, 270.0], [[30.0, 70.0], 0.1, 90.0]], "nBeams": 30}, "high_leg": {"name": "high", "crossSection": [10, 0.5], "legHeight": 140, "youngModulus": 189000.0, "poissonRatio": 0.27, "density": 7.93e-06, "pulleyRadius": 60, "motorDistanceToCenter": 50, "controlPoint": [[[-60.0, -10.0], 0.1, 90.0], [[-60.0, 0.0], 51.73680030627721, 90.0, 0.1, 270.0], [[-40.30812308549109, 102.65109585656921], 38.78670728948198, -50.269716981256906, 24.118969010555535, 129.73028301874308], [[30.0, 115.0], 0.1, 90.0, 57.50057616429727, 270.0], [[30.0, 130.0], 0.1, 90.0]], "nBeams": 30}, "center_part": {"name": "connector", "density": 1.22e-06, "youngModulus": 35000.0, "poissonRatio": 0.45, "hCrossSection": [10, 0.5], "hDepth": 15, "hThickness": 2.5, "hDiameter": 40, "lCrossSection": [10, 0.5], "lDepth": 15, "lThickness": 2.5, "lDiameter": 40, "height": 60}}