{"sLeg": [[[-10.0, -30.0], 24.652915466021355, 90.0], [[13.243711434744874, 44.60464193656479], 33.76497323405657, -66.6981835718384], [[111.69800000000001, 75.0], 31.289155502154024, 90.0]], "lLeg": [[[-10.0, -30.0], 99.83860238645764, 90.0], [[-4.689371374787404, 37.03130765179074], 13.534871450283497, -45.85855715557237], [[111.821, 115.0], 33.32253223017583, 90.0]]}