{"low_leg": {"name": "low", "crossSection": [10, 0.5], "legHeight": 80, "youngModulus": 189000.0, "poissonRatio": 0.27, "density": 7.93e-06, "pulleyRadius": 60, "motorDistanceToCenter": 50, "controlPoint": [[[-60.0, -10.0], 0.1, 90.0], [[-60.0, 0.0], 53.88729894973942, 90.0, 0.1, 270.0], [[-6.13586041077231, 13.626803443716497], 52.403172716517496, -65.5649376723021, 71.7852897148954, 114.4350623276979], [[30.0, 55.0], 1.0, 90.0, 23.61141353673087, 270.0], [[30.0, 70.0], 0.1, 90.0]], "nBeams": 30}, "high_leg": {"name": "high", "crossSection": [10, 0.5], "legHeight": 140, "youngModulus": 189000.0, "poissonRatio": 0.27, "density": 7.93e-06, "pulleyRadius": 60, "motorDistanceToCenter": 50, "controlPoint": [[[-60.0, -10.0], 0.1, 90.0], [[-60.0, 0.0], 58.36712043900039, 90.0, 0.1, 270.0], [[10.748047638239527, 65.8062273601841], 27.413732496143897, -56.840557203201186, 44.68662100436941, 123.15944279679881], [[30.0, 115.0], 0.1, 90.0, 57.807405769430574, 270.0], [[30.0, 130.0], 0.1, 90.0]], "nBeams": 30}, "center_part": {"name": "connector", "density": 1.22e-06, "youngModulus": 35000.0, "poissonRatio": 0.45, "hCrossSection": [10, 0.5], "hDepth": 15, "hThickness": 2.5, "hDiameter": 40, "lCrossSection": [10, 0.5], "lDepth": 15, "lThickness": 2.5, "lDiameter": 40, "height": 60}}