{"low_leg": {"name": "low", "crossSection": [10, 0.5], "legHeight": 120, "youngModulus": 189000.0, "poissonRatio": 0.27, "density": 7.93e-06, "pulleyRadius": 60, "motorDistanceToCenter": 50, "controlPoint": [[[-60.0, -10.0], 0.1, 90.0], [[-60.0, 0.0], 130.12194822676096, 90.0, 0.1, 270.0], [[-3.2507288758405437, 34.23819711132712], 17.242957582861724, -70.32653448737908, 63.10403266120784, 109.67346551262092], [[30.0, 95.0], 1.0, 90.0, 55.078309378059735, 270.0], [[30.0, 110.0], 0.1, 90.0]], "nBeams": 30}, "high_leg": {"name": "high", "crossSection": [10, 0.5], "legHeight": 180, "youngModulus": 189000.0, "poissonRatio": 0.27, "density": 7.93e-06, "pulleyRadius": 60, "motorDistanceToCenter": 50, "controlPoint": [[[-60.0, -10.0], 0.1, 90.0], [[-60.0, 0.0], 38.834323245313136, 90.0, 0.1, 270.0], [[-39.55558843673572, 69.72445222436173], 153.67612676759907, -70.87939689825875, 156.08863201389818, 109.12060310174125], [[30.0, 155.0], 0.1, 90.0, 84.07873719524771, 270.0], [[30.0, 170.0], 0.1, 90.0]], "nBeams": 30}, "center_part": {"name": "connector", "density": 1.22e-06, "youngModulus": 35000.0, "poissonRatio": 0.45, "hCrossSection": [10, 0.5], "hDepth": 15, "hThickness": 2.5, "hDiameter": 40, "lCrossSection": [10, 0.5], "lDepth": 15, "lThickness": 2.5, "lDiameter": 40, "height": 60}}