{"sLegPt.rL0": 30.640801387810818, "sLegPt.rL1": 50.8915798421148, "sLegPt.x1": 19.445704290352445, "sLegPt.y1": 8.687314076930637, "sLegPt.rA1": -22.724927851789083, "sLegPt.rL2": 70.35215223798713, "lLegPt.rL0": 65.93612478548573, "lLegPt.rL1": 89.96687916526493, "lLegPt.x1": -15.755150802205964, "lLegPt.y1": 36.07093026325397, "lLegPt.rA1": -31.032747199061063, "lLegPt.rL2": 33.41624083835984, "sLeg.crossSection": [10, 0.5], "sLeg.legHeight": 30, "sLeg.youngModulus": 189000.0, "sLeg.poissonRatio": 0.27, "sLeg.density": 7.93e-06, "sLeg.pulleyRadius": 40, "sLeg.motorDistanceToCenter": 50, "lLeg.crossSection": [10, 0.5], "lLeg.legHeight": 70, "lLeg.youngModulus": 189000.0, "lLeg.poissonRatio": 0.27, "lLeg.density": 7.93e-06, "lLeg.pulleyRadius": 40, "lLeg.motorDistanceToCenter": 50}