{"sLegPt.rL0": 68.59094274438142, "sLegPt.lL0": 25.698793038158882, "sLegPt.rL1": 11.731489204645571, "sLegPt.lL1": 15.122632824948415, "sLegPt.x1": 33.507609978935044, "sLegPt.y1": 20.348726054576876, "sLegPt.rA1": -69.36518087237181, "sLegPt.rL2": 28.223607680861498, "sLegPt.lL2": 23.115227827333804, "lLegPt.rL0": 49.41471314628328, "lLegPt.lL0": 21.301613016880523, "lLegPt.rL1": 14.100042142573052, "lLegPt.lL1": 46.647556203285376, "lLegPt.x1": 34.58680493725382, "lLegPt.y1": 16.686695410269024, "lLegPt.rA1": -62.446514886028766, "lLegPt.rL2": 69.14600039735231, "lLegPt.lL2": 99.9681021103724}