{"low_leg": {"name": "low", "crossSection": [10, 0.5], "legHeight": 100, "youngModulus": 189000.0, "poissonRatio": 0.27, "density": 7.93e-06, "pulleyRadius": 40, "motorDistanceToCenter": 70, "controlPoint": [[[-40.0, -15.0], 0.1, 90.0], [[-40.0, 0.0], 66.1196357344165, 90.0, 0.1, 270.0], [[23.437006989225317, 24.605567091135782], 22.307654842055523, -44.63441733581433, 54.41819700491869, 135.36558266418567], [[50.0, 70.0], 1.0, 90.0, 60.19372264376924, 270.0], [[50.0, 85.0], 0.1, 90.0]], "nBeams": 20}, "high_leg": {"name": "high", "crossSection": [10, 0.5], "legHeight": 160, "youngModulus": 189000.0, "poissonRatio": 0.27, "density": 7.93e-06, "pulleyRadius": 40, "motorDistanceToCenter": 70, "controlPoint": [[[-40.0, -15.0], 0.1, 90.0], [[-40.0, 0.0], 46.13484974630517, 90.0, 0.1, 270.0], [[2.359760483734526, 76.13934756922723], 47.5253626059325, -54.548273269461355, 30.32095293678058, 125.45172673053865], [[50.0, 130.0], 0.1, 90.0, 50.10635884620864, 270.0], [[50.0, 145.0], 0.1, 90.0]], "nBeams": 20}, "center_part": {"name": "connector", "density": 1.22e-06, "youngModulus": 35000.0, "poissonRatio": 0.45, "hCrossSection": [10, 0.5], "hDepth": 15, "hThickness": 2.5, "hDiameter": 40, "lCrossSection": [10, 0.5], "lDepth": 15, "lThickness": 2.5, "lDiameter": 40, "height": 60}}