{"sLeg": [[[-10.0, -30.0], 94.21475559512183, 90.0], [[18.573793015487595, 55.861108276818086], 41.31324201012412, -62.251347944852014], [[111.69800000000001, 75.0], 32.33987914278482, 90.0]], "lLeg": [[[-10.0, -30.0], 20.618014360049695, 90.0], [[47.22401007406282, 46.482574923239696], 59.20208459033598, -66.5399639504985], [[111.821, 115.0], 96.57934996782996, 90.0]]}