{"low_leg": {"name": "sLeg", "crossSection": [10, 0.25], "legHeight": 30, "youngModulus": 189000.0, "poissonRatio": 0.27, "density": 7.93e-06, "pulleyRadius": 40, "motorDistanceToCenter": 50, "controlPoint": [[[-20.0, -30.0], 20.0, 90.0, 0.1, 270.0], [[61.62953531686733, 37.57358470517588], 42.11039662527098, -40.17691641898009], [[71.0, 15.0], 0.1, 90.0, 20.0, 270.0]], "nBeams": 30}, "high_leg": {"name": "lLeg", "crossSection": [10, 0.25], "legHeight": 90, "youngModulus": 189000.0, "poissonRatio": 0.27, "density": 7.93e-06, "pulleyRadius": 40, "motorDistanceToCenter": 50, "controlPoint": [[[-20.0, -30.0], 20.0, 90.0, 0.1, 270.0], [[42.260752292677, 50.146657056528745], 34.54994283651999, -44.02677126315353], [[71.0, 75.0], 0.1, 90.0, 20.0, 270.0]], "nBeams": 30}, "center_part": {"name": "connector", "density": 1.22e-06, "youngModulus": 35000.0, "poissonRatio": 0.45, "hCrossSection": [10, 0.25], "hDepth": 15, "hThickness": 2.5, "hDiameter": 40, "lCrossSection": [10, 0.25], "lDepth": 15, "lThickness": 2.5, "lDiameter": 40, "height": 60}}