{"sLegPt.rL0": 72.13819827672205, "sLegPt.rL1": 67.03637818452205, "sLegPt.x1": -21.03484627721245, "sLegPt.y1": 57.52561290671342, "sLegPt.rA1": -26.47380234181528, "sLegPt.rL2": 65.02683600099121, "lLegPt.rL0": 31.91161889809671, "lLegPt.rL1": 91.56028240324348, "lLegPt.x1": 43.87054534736398, "lLegPt.y1": 43.52547911036308, "lLegPt.rA1": -66.70157871958992, "lLegPt.rL2": 47.93702440570961, "sLeg.crossSection": [10, 0.5], "sLeg.legHeight": 30, "sLeg.youngModulus": 189000.0, "sLeg.poissonRatio": 0.27, "sLeg.density": 7.93e-06, "sLeg.pulleyRadius": 40, "sLeg.motorDistanceToCenter": 50, "lLeg.crossSection": [10, 0.5], "lLeg.legHeight": 70, "lLeg.youngModulus": 189000.0, "lLeg.poissonRatio": 0.27, "lLeg.density": 7.93e-06, "lLeg.pulleyRadius": 40, "lLeg.motorDistanceToCenter": 50}