{"sLeg": [[[-10.0, -30.0], 65.32857400713085, 90.0, 55.0014564450283, 270.0], [[45.91615778758052, 29.60246277229041], 41.92446603966112, -73.59234340056024, 12.64094152297841, 106.40765659943978], [[71.0, 45.0], 40.31752633358233, 90.0, 11.340180326445271, 270.0]], "lLeg": [[[-10.0, -30.0], 67.3891043235998, 90.0, 53.21637878808919, 270.0], [[38.38872252241184, 16.834096525942865], 88.52349920506079, -26.809435180421367, 43.471407252631735, 153.19056481957864], [[71.0, 45.0], 70.1074951679753, 90.0, 77.38224025794588, 270.0]]}