{"low_leg": {"name": "low", "crossSection": [10, 0.5], "legHeight": 100, "youngModulus": 189000.0, "poissonRatio": 0.27, "density": 7.93e-06, "pulleyRadius": 40, "motorDistanceToCenter": 120, "controlPoint": [[[-40.0, -15.0], 0.1, 90.0], [[-40.0, 0.0], 59.82189160677048, 90.0, 0.1, 270.0], [[37.73114640876059, 47.21337723761384], 40.1837013781751, -63.4820604825655, 45.67753252687862, 116.51793951743451], [[100.0, 70.0], 1.0, 90.0, 68.86784312258467, 270.0], [[100.0, 85.0], 0.1, 90.0]], "nBeams": 20}, "high_leg": {"name": "high", "crossSection": [10, 0.5], "legHeight": 160, "youngModulus": 189000.0, "poissonRatio": 0.27, "density": 7.93e-06, "pulleyRadius": 40, "motorDistanceToCenter": 120, "controlPoint": [[[-40.0, -15.0], 0.1, 90.0], [[-40.0, 0.0], 38.8426428583727, 90.0, 0.1, 270.0], [[16.0063724882871, 101.34332364877024], 81.8040734950474, -47.30930351186738, 73.81073304959192, 132.69069648813263], [[100.0, 130.0], 0.1, 90.0, 39.98257278617908, 270.0], [[100.0, 145.0], 0.1, 90.0]], "nBeams": 20}, "center_part": {"name": "connector", "density": 1.22e-06, "youngModulus": 35000.0, "poissonRatio": 0.45, "hCrossSection": [10, 0.5], "hDepth": 15, "hThickness": 2.5, "hDiameter": 40, "lCrossSection": [10, 0.5], "lDepth": 15, "lThickness": 2.5, "lDiameter": 40, "height": 60}}