{"sLeg": [[[-10.0, -30.0], 32.485200954879616, 90.0, 29.429136117442663, 270.0], [[36.02404840327145, 10.833163888970478], 17.265431510528682, -46.74111881295561, 36.258934036887595, 133.25888118704438], [[71.0, 45.0], 50.90835811794257, 90.0, 21.717680958791888, 270.0]], "lLeg": [[[-10.0, -30.0], 74.42699399897617, 90.0, 29.06091540237209, 270.0], [[38.97526285069764, 27.99220699260212], 43.42232892949717, -53.31786212487, 28.645062188589463, 126.68213787513002], [[71.0, 45.0], 18.41996533356732, 90.0, 86.46845648267102, 270.0]]}