{"sLegPt.rL1": 72.5553372061346, "sLegPt.rL2": 13.525840435697177, "sLegPt.x2": 13.247487378450735, "sLegPt.y2": -5.831551366004453, "sLegPt.rA2": -72.1890288436295, "sLegPt.rL3": 68.85802716845902, "lLegPt.rL1": 38.446380473618234, "lLegPt.rL2": 64.34839790030446, "lLegPt.x2": 55.59848968631586, "lLegPt.y2": -11.322400600571171, "lLegPt.rA2": -48.90670412879375, "lLegPt.rL3": 22.546306329138424, "sLeg.crossSection": [10, 0.5], "sLeg.legHeight": 30, "sLeg.youngModulus": 189000.0, "sLeg.poissonRatio": 0.27, "sLeg.density": 7.93e-06, "sLeg.pulleyRadius": 40, "sLeg.motorDistanceToCenter": 50, "lLeg.crossSection": [10, 0.5], "lLeg.legHeight": 70, "lLeg.youngModulus": 189000.0, "lLeg.poissonRatio": 0.27, "lLeg.density": 7.93e-06, "lLeg.pulleyRadius": 60, "lLeg.motorDistanceToCenter": 50}