{"sLeg": [[[-10.0, -30.0], 70.48142178852113, 90.0], [[8.835426189601804, 56.765543545440835], 25.699066505937697, -57.08295696947526], [[61.698, 20.0], 94.7900197886592, 90.0]], "lLeg": [[[-10.0, -30.0], 80.48396383313406, 90.0], [[35.00084003940951, 48.48203811201644], 37.230725657430796, -78.15955915445755], [[61.821, 60.0], 44.81728632565541, 90.0]]}