{"low_leg": {"name": "low", "crossSection": [10, 0.5], "legHeight": 40, "youngModulus": 189000.0, "poissonRatio": 0.27, "density": 7.93e-06, "pulleyRadius": 40, "motorDistanceToCenter": 50, "controlPoint": [[[-20.0, -45.0], 0.1, 90.0], [[-20.0, -30.0], 44.77475617773847, 90.0, 0.1, 270.0], [[15.708205065471384, 35.56095971007111], 94.98334003677627, -58.19250805628017], [[71.0, 25.0], 1.0, 90.0, 82.75463248329386, 270.0], [[71.0, 40.0], 0.1, 90.0]], "nBeams": 20}, "high_leg": {"name": "high", "crossSection": [10, 0.5], "legHeight": 100, "youngModulus": 189000.0, "poissonRatio": 0.27, "density": 7.93e-06, "pulleyRadius": 40, "motorDistanceToCenter": 50, "controlPoint": [[[-20.0, -45.0], 0.1, 90.0], [[-20.0, -30.0], 14.550927447491027, 90.0, 0.1, 270.0], [[37.45566510900166, 44.387151397014534], 66.18270385125845, -45.57335579894069], [[71.0, 85.0], 1.0, 90.0, 24.06723879025361, 270.0], [[71.0, 100.0], 0.1, 90.0]], "nBeams": 20}, "center_part": {"name": "connector", "density": 1.22e-06, "youngModulus": 35000.0, "poissonRatio": 0.45, "hCrossSection": [10, 0.5], "hDepth": 15, "hThickness": 2.5, "hDiameter": 40, "lCrossSection": [10, 0.5], "lDepth": 15, "lThickness": 2.5, "lDiameter": 40, "height": 60}}