{"low_leg": {"name": "sLeg", "crossSection": [5, 0.25], "legHeight": 30, "youngModulus": 189000.0, "poissonRatio": 0.27, "density": 7.93e-06, "pulleyRadius": 40, "motorDistanceToCenter": 50, "controlPoint": [[[-20.0, -30.0], 20.0, 90.0, 0.1, 270.0], [[14.745120599851468, 35.36145258807464], 37.54305213933384, -52.27562624840427], [[71.0, 15.0], 0.1, 90.0, 20.0, 270.0]], "nBeams": 30}, "high_leg": {"name": "lLeg", "crossSection": [5, 0.25], "legHeight": 90, "youngModulus": 189000.0, "poissonRatio": 0.27, "density": 7.93e-06, "pulleyRadius": 40, "motorDistanceToCenter": 50, "controlPoint": [[[-20.0, -30.0], 20.0, 90.0, 0.1, 270.0], [[26.596000184153134, 45.2311771947008], 55.48884676252991, -52.14129062286635], [[71.0, 75.0], 0.1, 90.0, 20.0, 270.0]], "nBeams": 30}, "center_part": {"name": "connector", "density": 1.22e-06, "youngModulus": 35000.0, "poissonRatio": 0.45, "hCrossSection": [5, 0.25], "hDepth": 15, "hThickness": 2.5, "hDiameter": 40, "lCrossSection": [5, 0.25], "lDepth": 15, "lThickness": 2.5, "lDiameter": 40, "height": 60}}