{"sLeg": [[[-10.0, -30.0], 88.70903074697975, 90.0], [[34.472992809221374, 20.538003072836943], 51.244923950562246, -58.93662334383137], [[111.69800000000001, 75.0], 75.64670531178257, 90.0]], "lLeg": [[[-10.0, -30.0], 74.24455815792956, 90.0], [[107.71203110375376, 46.00287905189458], 50.889277418719985, -57.58164327730906], [[111.821, 115.0], 40.61116329966211, 90.0]]}