{"sLeg": [[[0.0, 0.0], 24.27435004039424, 90.0, 70.15192433533761, 270.0], [[43.25219301922147, 21.623011477991984], 13.841072384117613, -48.34829614755411, 59.905938427078475, 131.6517038524459], [[75.0, 75.0], 58.146051787352015, 90.0, 45.10299384120886, 270.0]], "lLeg": [[[0.0, 0.0], 70.4766171200942, 90.0, 84.68755376427593, 270.0], [[41.197368618449204, 17.286752825290208], 38.990817648802945, -46.047755855094714, 54.681026444364704, 133.95224414490528], [[75.0, 75.0], 45.362470578699885, 90.0, 24.75536965332337, 270.0]]}