{"sLegPt.rL0": 76.63962664143517, "sLegPt.rL1": 71.18618686002503, "sLegPt.x1": 3.961495534916793, "sLegPt.y1": 22.396678276928824, "sLegPt.rA1": -59.920790498646326, "sLegPt.rL2": 57.36096504005617, "lLegPt.rL0": 10.0, "lLegPt.rL1": 33.50205610608604, "lLegPt.x1": -20.0, "lLegPt.y1": 70.0, "lLegPt.rA1": -72.50737059409576, "lLegPt.rL2": 93.80876242579497, "sLeg.crossSection": [10, 0.5], "sLeg.legHeight": 30, "sLeg.youngModulus": 189000.0, "sLeg.poissonRatio": 0.27, "sLeg.density": 7.93e-06, "sLeg.pulleyRadius": 40, "sLeg.motorDistanceToCenter": 50, "lLeg.crossSection": [10, 0.5], "lLeg.legHeight": 70, "lLeg.youngModulus": 189000.0, "lLeg.poissonRatio": 0.27, "lLeg.density": 7.93e-06, "lLeg.pulleyRadius": 40, "lLeg.motorDistanceToCenter": 50}