{"sLegPt.rL0": 39.551179107297514, "sLegPt.lL0": 87.06311938542294, "sLegPt.rL1": 15.211892966078757, "sLegPt.lL1": 39.91019075619863, "sLegPt.x1": 49.63629151353805, "sLegPt.y1": 17.78809645041712, "sLegPt.rA1": -40.64695442672727, "sLegPt.rL2": 10.977773696373314, "sLegPt.lL2": 23.079713276425874, "lLegPt.rL0": 75.08290110257697, "lLegPt.lL0": 70.29448846004948, "lLegPt.rL1": 13.428548612248036, "lLegPt.lL1": 43.26559669021441, "lLegPt.x1": 48.96682620134095, "lLegPt.y1": 18.80091583240659, "lLegPt.rA1": -54.951209436035455, "lLegPt.rL2": 83.84137650065225, "lLegPt.lL2": 58.21582607676846}