{"sLeg": [[[-30.0, -30.0], 24.782921950084166, 90.0], [[-5.123304215136095, 19.257735822651], 33.47931184640066, -59.31138095715165], [[81.69800000000001, 20.0], 29.127304614381714, 90.0]], "lLeg": [[[-30.0, -30.0], 32.99657130513688, 90.0], [[7.883424257319547, -10.098919569244863], 23.741368559542998, -68.6151164397802], [[81.821, 60.0], 39.90982743903952, 90.0]]}