{"sLeg": [[[-10.0, -30.0], 19.86488981647007, 90.0], [[18.82491482328458, -1.1741622835228842], 31.37308378178689, -42.44890995185733], [[61.698, 20.0], 97.84301705405086, 90.0]], "lLeg": [[[-10.0, -30.0], 41.95847633724081, 90.0], [[40.777881061011946, 1.4340551460191548], 38.930069237181975, -48.720431062112795], [[61.821, 60.0], 16.365589505055723, 90.0]]}