{"sLeg": [[[-10.0, -30.0], 47.352603713911975, 90.0], [[37.145047188202625, -1.427813688712746], 68.50591516414178, -73.4305313950363], [[111.69800000000001, 40.0], 71.93864283210283, 90.0]], "lLeg": [[[-10.0, -30.0], 70.98117275865027, 90.0], [[26.88730821000761, 1.030116716528564], 49.55396168445603, -71.13228251410483], [[111.821, 80.0], 18.31622821061497, 90.0]]}