{"sLeg": [[[-10.0, -30.0], 26.449615987823055, 90.0], [[13.097590032361914, 13.260316240454646], 29.154537230553235, -48.4428142854096], [[61.698, 30.0], 33.35277563952663, 90.0]], "lLeg": [[[-10.0, -30.0], 44.87115206851624, 90.0], [[-5.792618633755262, 68.41720281532432], 40.634617448759826, -46.436405214675254], [[61.821, 70.0], 10.062002479797544, 90.0]]}