{"sLeg": [[[-10.0, -30.0], 68.98885488877679, 90.0], [[19.685198943907004, 73.37935135027271], 71.26400302893214, -25.89739937815007], [[111.69800000000001, 40.0], 22.492033744655203, 90.0]], "lLeg": [[[-10.0, -30.0], 42.21054908048576, 90.0], [[50.87142129944897, 31.02791873167469], 33.126998105941155, -47.99544953026964], [[111.821, 80.0], 65.56435814674646, 90.0]]}