{"low_leg": {"name": "low", "crossSection": [10, 1], "legHeight": 40, "youngModulus": 189000.0, "poissonRatio": 0.27, "density": 7.93e-06, "pulleyRadius": 50, "motorDistanceToCenter": 70, "controlPoint": [[[-30.0, -45.0], 0.1, 90.0], [[-30.0, -30.0], 68.56248017773531, 90.0, 0.1, 270.0], [[28.852893553256994, 36.897864848936706], 62.21081684796614, -41.08524035510869], [[101.0, 25.0], 1.0, 90.0, 66.30248440467389, 270.0], [[101.0, 40.0], 0.1, 90.0]], "nBeams": 20}, "high_leg": {"name": "high", "crossSection": [10, 1], "legHeight": 100, "youngModulus": 189000.0, "poissonRatio": 0.27, "density": 7.93e-06, "pulleyRadius": 50, "motorDistanceToCenter": 70, "controlPoint": [[[-30.0, -45.0], 0.1, 90.0], [[-30.0, -30.0], 56.26517928159704, 90.0, 0.1, 270.0], [[43.84337264618712, 49.447288219236476], 37.90937050473323, -38.643176556438604], [[101.0, 85.0], 1.0, 90.0, 58.943029774803364, 270.0], [[101.0, 100.0], 0.1, 90.0]], "nBeams": 20}, "center_part": {"name": "connector", "density": 1.22e-06, "youngModulus": 35000.0, "poissonRatio": 0.45, "hCrossSection": [10, 1], "hDepth": 15, "hThickness": 2.5, "hDiameter": 40, "lCrossSection": [10, 1], "lDepth": 15, "lThickness": 2.5, "lDiameter": 40, "height": 60}}