{"sLeg": [[[-10.0, -30.0], 56.22405316972959, 90.0], [[-21.71335582663626, 97.6218644883464], 86.7390301348015, -36.92178555992321], [[111.69800000000001, 40.0], 42.45544989242739, 90.0]], "lLeg": [[[-10.0, -30.0], 46.860935278377234, 90.0], [[58.805245898615624, -28.866834117500982], 60.59257844887953, -51.67022416359697], [[111.821, 80.0], 58.336702496721465, 90.0]]}