{"low_leg": {"name": "low", "crossSection": [10, 0.5], "legHeight": 80, "youngModulus": 189000.0, "poissonRatio": 0.27, "density": 7.93e-06, "pulleyRadius": 60, "motorDistanceToCenter": 50, "controlPoint": [[[-60.0, -10.0], 0.1, 90.0], [[-60.0, 0.0], 52.520191983056534, 90.0, 0.1, 270.0], [[-0.7977708375790087, 40.182075835325776], 24.748959719358893, -47.196843337977086, 36.210282122392506, 132.80315666202293], [[30.0, 55.0], 1.0, 90.0, 37.49115043333218, 270.0], [[30.0, 70.0], 0.1, 90.0]], "nBeams": 30}, "high_leg": {"name": "high", "crossSection": [10, 0.5], "legHeight": 140, "youngModulus": 189000.0, "poissonRatio": 0.27, "density": 7.93e-06, "pulleyRadius": 60, "motorDistanceToCenter": 50, "controlPoint": [[[-60.0, -10.0], 0.1, 90.0], [[-60.0, 0.0], 18.235667068766478, 90.0, 0.1, 270.0], [[-22.91313015790351, 76.39759310007655], 31.54204717478934, -50.560010046843615, 13.30707327774309, 129.43998995315638], [[30.0, 115.0], 0.1, 90.0, 51.35809248054067, 270.0], [[30.0, 130.0], 0.1, 90.0]], "nBeams": 30}, "center_part": {"name": "connector", "density": 1.22e-06, "youngModulus": 35000.0, "poissonRatio": 0.45, "hCrossSection": [10, 0.5], "hDepth": 15, "hThickness": 2.5, "hDiameter": 40, "lCrossSection": [10, 0.5], "lDepth": 15, "lThickness": 2.5, "lDiameter": 40, "height": 60}}