{"low_leg": {"name": "low", "crossSection": [10, 0.5], "legHeight": 40, "youngModulus": 189000.0, "poissonRatio": 0.27, "density": 7.93e-06, "pulleyRadius": 50, "motorDistanceToCenter": 70, "controlPoint": [[[-30.0, -45.0], 0.1, 90.0], [[-30.0, -30.0], 28.676024293995884, 90.0, 0.1, 270.0], [[42.780906342484364, 34.577240206612736], 54.864453116143146, -41.32951547807295], [[101.0, 25.0], 1.0, 90.0, 58.387710187341035, 270.0], [[101.0, 40.0], 0.1, 90.0]], "nBeams": 20}, "high_leg": {"name": "high", "crossSection": [10, 0.5], "legHeight": 100, "youngModulus": 189000.0, "poissonRatio": 0.27, "density": 7.93e-06, "pulleyRadius": 50, "motorDistanceToCenter": 70, "controlPoint": [[[-30.0, -45.0], 0.1, 90.0], [[-30.0, -30.0], 54.45896012782476, 90.0, 0.1, 270.0], [[19.044221478614087, 44.6927838353372], 19.746581827679165, -44.30866656799218], [[101.0, 85.0], 1.0, 90.0, 20.594526104349157, 270.0], [[101.0, 100.0], 0.1, 90.0]], "nBeams": 20}, "center_part": {"name": "connector", "density": 1.22e-06, "youngModulus": 35000.0, "poissonRatio": 0.45, "hCrossSection": [10, 0.5], "hDepth": 15, "hThickness": 2.5, "hDiameter": 40, "lCrossSection": [10, 0.5], "lDepth": 15, "lThickness": 2.5, "lDiameter": 40, "height": 60}}