{"low_leg": {"name": "low", "crossSection": [5, 0.5], "legHeight": 40, "youngModulus": 189000.0, "poissonRatio": 0.27, "density": 7.93e-06, "pulleyRadius": 30, "motorDistanceToCenter": 50, "controlPoint": [[[-10.0, -45.0], 0.1, 90.0], [[-10.0, -30.0], 53.02770807075383, 90.0, 0.1, 270.0], [[5.497688823905828, 53.503811179806654], 22.25116588508487, -51.54775325156581], [[61.0, 25.0], 1.0, 90.0, 30.447918746404188, 270.0], [[61.0, 40.0], 0.1, 90.0]], "nBeams": 20}, "high_leg": {"name": "high", "crossSection": [5, 0.5], "legHeight": 100, "youngModulus": 189000.0, "poissonRatio": 0.27, "density": 7.93e-06, "pulleyRadius": 30, "motorDistanceToCenter": 50, "controlPoint": [[[-10.0, -45.0], 0.1, 90.0], [[-10.0, -30.0], 25.40762804327453, 90.0, 0.1, 270.0], [[29.104401684734395, 52.634271247724435], 42.77435320934419, -66.34249228550361], [[61.0, 85.0], 1.0, 90.0, 66.91870333239267, 270.0], [[61.0, 100.0], 0.1, 90.0]], "nBeams": 20}, "center_part": {"name": "connector", "density": 1.22e-06, "youngModulus": 35000.0, "poissonRatio": 0.45, "hCrossSection": [5, 0.5], "hDepth": 15, "hThickness": 2.5, "hDiameter": 40, "lCrossSection": [5, 0.5], "lDepth": 15, "lThickness": 2.5, "lDiameter": 40, "height": 60}}