{"low_leg": {"name": "sLeg", "crossSection": [10, 2.5], "legHeight": 30, "youngModulus": 189000.0, "poissonRatio": 0.27, "density": 7.93e-06, "pulleyRadius": 40, "motorDistanceToCenter": 50, "controlPoint": [[[-20.0, -45.0], 0.1, 90.0], [[-20.0, -30.0], 82.19867096995569, 90.0, 0.1, 270.0], [[11.72103610336032, 34.68015794422011], 50.227206488531465, -51.01381182195359], [[71.0, 15.0], 1.0, 90.0, 61.101070672569854, 270.0], [[71.0, 30.0], 0.1, 90.0]], "nBeams": 10}, "high_leg": {"name": "lLeg", "crossSection": [10, 2.5], "legHeight": 90, "youngModulus": 189000.0, "poissonRatio": 0.27, "density": 7.93e-06, "pulleyRadius": 40, "motorDistanceToCenter": 50, "controlPoint": [[[-20.0, -45.0], 0.1, 90.0], [[-20.0, -30.0], 58.44728864579764, 90.0, 0.1, 270.0], [[22.424296519641857, -8.819009598429894], 56.17424479128128, -55.7949561261872], [[71.0, 75.0], 1.0, 90.0, 62.894075421038984, 270.0], [[71.0, 90.0], 0.1, 90.0]], "nBeams": 10}, "center_part": {"name": "connector", "density": 1.22e-06, "youngModulus": 35000.0, "poissonRatio": 0.45, "hCrossSection": [10, 2.5], "hDepth": 15, "hThickness": 2.5, "hDiameter": 40, "lCrossSection": [10, 2.5], "lDepth": 15, "lThickness": 2.5, "lDiameter": 40, "height": 60}}